id,city,area,community,part,source
838,Dubai,Jumeirah Village Circle (JVC),JVC District 10,Binghatti Corner,https://uae.dubizzle.com/
839,Dubai,Jumeirah Village Circle (JVC),JVC District 10,SquareX Residence,https://uae.dubizzle.com/
840,Dubai,Jumeirah Village Circle (JVC),JVC District 10,Bloom Towers,https://uae.dubizzle.com/
841,Dubai,Jumeirah Village Circle (JVC),JVC District 10,Stonehenge Residences,https://uae.dubizzle.com/
842,Dubai,Jumeirah Village Circle (JVC),JVC District 10,Binghatti Heights,https://uae.dubizzle.com/
843,Dubai,Jumeirah Village Circle (JVC),JVC District 10,La Residenza,https://uae.dubizzle.com/
844,Dubai,Jumeirah Village Circle (JVC),JVC District 10,Luma 22,https://uae.dubizzle.com/
845,Dubai,Jumeirah Village Circle (JVC),JVC District 10,Elitz 2 by Danube,https://uae.dubizzle.com/
846,Dubai,Jumeirah Village Circle (JVC),JVC District 10,The Autograph,https://uae.dubizzle.com/
847,Dubai,Jumeirah Village Circle (JVC),JVC District 10,Binghatti House,https://uae.dubizzle.com/
848,Dubai,Jumeirah Village Circle (JVC),JVC District 10,The Manhattan,https://uae.dubizzle.com/
849,Dubai,Jumeirah Village Circle (JVC),JVC District 10,Riviera Chalet,https://uae.dubizzle.com/
850,Dubai,Jumeirah Village Circle (JVC),JVC District 10,La Riviera Estates,https://uae.dubizzle.com/
851,Dubai,Jumeirah Village Circle (JVC),JVC District 10,May Residence,https://uae.dubizzle.com/
852,Dubai,Jumeirah Village Circle (JVC),JVC District 10,Avanos Residence,https://uae.dubizzle.com/
853,Dubai,Jumeirah Village Circle (JVC),JVC District 10,Tuscan Residence,https://uae.dubizzle.com/
854,Dubai,Jumeirah Village Circle (JVC),JVC District 10,Oxford 212,https://uae.dubizzle.com/
855,Dubai,Jumeirah Village Circle (JVC),JVC District 10,Binghatti Orchid,https://uae.dubizzle.com/
856,Dubai,Jumeirah Village Circle (JVC),JVC District 10,10 Oxford,https://uae.dubizzle.com/
857,Dubai,Jumeirah Village Circle (JVC),JVC District 10,Binghatti Mirage,https://uae.dubizzle.com/
858,Dubai,Jumeirah Village Circle (JVC),JVC District 10,Hanover Square,https://uae.dubizzle.com/
859,Dubai,Jumeirah Village Circle (JVC),JVC District 10,La Riviera Azure,https://uae.dubizzle.com/
860,Dubai,Jumeirah Village Circle (JVC),JVC District 10,Le Grand Chateau,https://uae.dubizzle.com/
861,Dubai,Jumeirah Village Circle (JVC),JVC District 10,Rigel Apartments,https://uae.dubizzle.com/
862,Dubai,Jumeirah Village Circle (JVC),JVC District 10,Binghatti Lavender,https://uae.dubizzle.com/
863,Dubai,Jumeirah Village Circle (JVC),JVC District 10,Signature Livings,https://uae.dubizzle.com/
864,Dubai,Jumeirah Village Circle (JVC),JVC District 10,Empire Suites,https://uae.dubizzle.com/
865,Dubai,Jumeirah Village Circle (JVC),JVC District 10,La Riviera Apartments,https://uae.dubizzle.com/
866,Dubai,Jumeirah Village Circle (JVC),JVC District 10,Serenity Lakes 5,https://uae.dubizzle.com/
867,Dubai,Jumeirah Village Circle (JVC),JVC District 10,Gateway by Premier Choice,https://uae.dubizzle.com/
868,Dubai,Jumeirah Village Circle (JVC),JVC District 10,Oxford Residence 2,https://uae.dubizzle.com/
869,Dubai,Jumeirah Village Circle (JVC),JVC District 10,Plazzo Heights,https://uae.dubizzle.com/
870,Dubai,Jumeirah Village Circle (JVC),JVC District 10,Marwa Homes 4,https://uae.dubizzle.com/
871,Dubai,Jumeirah Village Circle (JVC),JVC District 10,La Perla Homes 10,https://uae.dubizzle.com/
872,Dubai,Jumeirah Village Circle (JVC),JVC District 10,Park Villas,https://uae.dubizzle.com/
873,Dubai,Jumeirah Village Circle (JVC),JVC District 10,Solitaire Casa,https://uae.dubizzle.com/
874,Dubai,Jumeirah Village Circle (JVC),JVC District 10,Somerset Mews,https://uae.dubizzle.com/
875,Dubai,Jumeirah Village Circle (JVC),JVC District 10,Goldenwoods Villas,https://uae.dubizzle.com/
876,Dubai,Jumeirah Village Circle (JVC),JVC District 10,The Haven Residences,https://uae.dubizzle.com/
877,Dubai,Jumeirah Village Circle (JVC),JVC District 10,Noora Residence,https://uae.dubizzle.com/
878,Dubai,Jumeirah Village Circle (JVC),JVC District 10,Haven Villas,https://uae.dubizzle.com/
879,Dubai,Jumeirah Village Circle (JVC),JVC District 10,Les Maisonettes,https://uae.dubizzle.com/
880,Dubai,Jumeirah Village Circle (JVC),JVC District 10,Westar Les Castelets,https://uae.dubizzle.com/
881,Dubai,Jumeirah Village Circle (JVC),JVC District 10,La Riviera Estate Block D,https://uae.dubizzle.com/
882,Dubai,Jumeirah Village Circle (JVC),JVC District 10,SPICA Residential,https://uae.dubizzle.com/
883,Dubai,Jumeirah Village Circle (JVC),JVC District 10,UniEstate Prime Tower,https://uae.dubizzle.com/
884,Dubai,Jumeirah Village Circle (JVC),JVC District 14,Luma Park Views,https://uae.dubizzle.com/
885,Dubai,Jumeirah Village Circle (JVC),JVC District 14,FIVE Jumeirah Village,https://uae.dubizzle.com/
886,Dubai,Jumeirah Village Circle (JVC),JVC District 14,Lumina Vista Residences,https://uae.dubizzle.com/
887,Dubai,Jumeirah Village Circle (JVC),JVC District 14,Violet Tower,https://uae.dubizzle.com/
888,Dubai,Jumeirah Village Circle (JVC),JVC District 14,LOCI Residences,https://uae.dubizzle.com/
889,Dubai,Jumeirah Village Circle (JVC),JVC District 14,Luma21,https://uae.dubizzle.com/
890,Dubai,Jumeirah Village Circle (JVC),JVC District 14,Emirates Gardens 2,https://uae.dubizzle.com/
891,Dubai,Jumeirah Village Circle (JVC),JVC District 14,The One at Jumeirah Village Circle,https://uae.dubizzle.com/
892,Dubai,Jumeirah Village Circle (JVC),JVC District 14,O2 Tower,https://uae.dubizzle.com/
893,Dubai,Jumeirah Village Circle (JVC),JVC District 14,Eleganz by Danube,https://uae.dubizzle.com/
894,Dubai,Jumeirah Village Circle (JVC),JVC District 14,Park View Tower,https://uae.dubizzle.com/
895,Dubai,Jumeirah Village Circle (JVC),JVC District 14,Belgravia Square,https://uae.dubizzle.com/
896,Dubai,Jumeirah Village Circle (JVC),JVC District 14,Hyati Avenue,https://uae.dubizzle.com/
897,Dubai,Jumeirah Village Circle (JVC),JVC District 14,Hamilton House,https://uae.dubizzle.com/
898,Dubai,Jumeirah Village Circle (JVC),JVC District 14,Shamal Residences,https://uae.dubizzle.com/
899,Dubai,Jumeirah Village Circle (JVC),JVC District 14,Aria Residence,https://uae.dubizzle.com/
900,Dubai,Jumeirah Village Circle (JVC),JVC District 14,Shamal Terraces,https://uae.dubizzle.com/
901,Dubai,Jumeirah Village Circle (JVC),JVC District 14,Living Garden II,https://uae.dubizzle.com/
902,Dubai,Jumeirah Village Circle (JVC),JVC District 14,Hyati Residences,https://uae.dubizzle.com/
903,Dubai,Jumeirah Village Circle (JVC),JVC District 14,Luxor by Imtiaz,https://uae.dubizzle.com/
904,Dubai,Jumeirah Village Circle (JVC),JVC District 14,Aura,https://uae.dubizzle.com/
905,Dubai,Jumeirah Village Circle (JVC),JVC District 14,Mayas Geneva,https://uae.dubizzle.com/
906,Dubai,Jumeirah Village Circle (JVC),JVC District 14,Miami by Samana,https://uae.dubizzle.com/
907,Dubai,Jumeirah Village Circle (JVC),JVC District 14,Shamal Waves,https://uae.dubizzle.com/
908,Dubai,Jumeirah Village Circle (JVC),JVC District 14,Golden Wood Views 5,https://uae.dubizzle.com/
909,Dubai,Jumeirah Village Circle (JVC),JVC District 14,Marwa Homes 3,https://uae.dubizzle.com/
910,Dubai,Jumeirah Village Circle (JVC),JVC District 14,Sandoval Garden,https://uae.dubizzle.com/
911,Dubai,Jumeirah Village Circle (JVC),JVC District 14,Harrington House,https://uae.dubizzle.com/
912,Dubai,Jumeirah Village Circle (JVC),JVC District 14,Diamond Views I,https://uae.dubizzle.com/
913,Dubai,Jumeirah Village Circle (JVC),JVC District 14,Living Garden,https://uae.dubizzle.com/
914,Dubai,Jumeirah Village Circle (JVC),JVC District 14,Indigo Ville 5,https://uae.dubizzle.com/
915,Dubai,Jumeirah Village Circle (JVC),JVC District 14,Diamond Views,https://uae.dubizzle.com/
916,Dubai,Jumeirah Village Circle (JVC),JVC District 14,Palace Estates,https://uae.dubizzle.com/
917,Dubai,Jumeirah Village Circle (JVC),JVC District 14,Divine homes,https://uae.dubizzle.com/
918,Dubai,Jumeirah Village Circle (JVC),JVC District 10,Binghatti Corner,https://www.bayut.com/
919,Dubai,Jumeirah Village Circle (JVC),JVC District 10,Luma 22,https://www.bayut.com/
920,Dubai,Jumeirah Village Circle (JVC),JVC District 10,10 Oxford,https://www.bayut.com/
921,Dubai,Jumeirah Village Circle (JVC),JVC District 10,SquareX Residence,https://www.bayut.com/
922,Dubai,Jumeirah Village Circle (JVC),JVC District 10,Bloom Towers,https://www.bayut.com/
923,Dubai,Jumeirah Village Circle (JVC),JVC District 10,Binghatti Heights,https://www.bayut.com/
924,Dubai,Jumeirah Village Circle (JVC),JVC District 10,Elitz 2 by Danube,https://www.bayut.com/
925,Dubai,Jumeirah Village Circle (JVC),JVC District 10,Stonehenge Residences,https://www.bayut.com/
926,Dubai,Jumeirah Village Circle (JVC),JVC District 10,The Autograph,https://www.bayut.com/
927,Dubai,Jumeirah Village Circle (JVC),JVC District 10,Lucky Royale Residence,https://www.bayut.com/
928,Dubai,Jumeirah Village Circle (JVC),JVC District 10,La Residenza,https://www.bayut.com/
929,Dubai,Jumeirah Village Circle (JVC),JVC District 10,Lucky 2 Residence,https://www.bayut.com/
930,Dubai,Jumeirah Village Circle (JVC),JVC District 12,The Orchard Place,https://uae.dubizzle.com/
931,Dubai,Jumeirah Village Circle (JVC),JVC District 12,V1TER Residence,https://uae.dubizzle.com/
932,Dubai,Jumeirah Village Circle (JVC),JVC District 12,RA1N Residence,https://uae.dubizzle.com/
933,Dubai,Jumeirah Village Circle (JVC),JVC District 12,Q Gardens Lofts 2,https://uae.dubizzle.com/
934,Dubai,Jumeirah Village Circle (JVC),JVC District 12,Avant Garde Residences by Skyline,https://uae.dubizzle.com/
935,Dubai,Jumeirah Village Circle (JVC),JVC District 12,Maison Elysee,https://uae.dubizzle.com/
936,Dubai,Jumeirah Village Circle (JVC),JVC District 12,Binghatti Nova,https://uae.dubizzle.com/
937,Dubai,Jumeirah Village Circle (JVC),JVC District 12,Binghatti Luna,https://uae.dubizzle.com/
938,Dubai,Jumeirah Village Circle (JVC),JVC District 12,Emirates Gardens,https://uae.dubizzle.com/
939,Dubai,Jumeirah Village Circle (JVC),JVC District 12,Regina Tower,https://uae.dubizzle.com/
940,Dubai,Jumeirah Village Circle (JVC),JVC District 12,Sapphire 32,https://uae.dubizzle.com/
941,Dubai,Jumeirah Village Circle (JVC),JVC District 12,Samana Manhattan 2,https://uae.dubizzle.com/
942,Dubai,Jumeirah Village Circle (JVC),JVC District 12,Lilac Park,https://uae.dubizzle.com/
943,Dubai,Jumeirah Village Circle (JVC),JVC District 12,Belgravia Heights 1,https://uae.dubizzle.com/
944,Dubai,Jumeirah Village Circle (JVC),JVC District 12,Central Park Tower,https://uae.dubizzle.com/
945,Dubai,Jumeirah Village Circle (JVC),JVC District 12,Al Dana Tower,https://uae.dubizzle.com/
946,Dubai,Jumeirah Village Circle (JVC),JVC District 12,Pantheon Elysee II,https://uae.dubizzle.com/
947,Dubai,Jumeirah Village Circle (JVC),JVC District 12,Belgravia Heights 2,https://uae.dubizzle.com/
948,Dubai,Jumeirah Village Circle (JVC),JVC District 12,Nakheel Townhouse,https://uae.dubizzle.com/
949,Dubai,Jumeirah Village Circle (JVC),JVC District 12,Binghatti Gems,https://uae.dubizzle.com/
950,Dubai,Jumeirah Village Circle (JVC),JVC District 12,Catch Residences,https://uae.dubizzle.com/
951,Dubai,Jumeirah Village Circle (JVC),JVC District 12,The Portman,https://uae.dubizzle.com/
952,Dubai,Jumeirah Village Circle (JVC),JVC District 12,Pearl House 2,https://uae.dubizzle.com/
953,Dubai,Jumeirah Village Circle (JVC),JVC District 12,The Residence by Prestige One,https://uae.dubizzle.com/
954,Dubai,Jumeirah Village Circle (JVC),JVC District 12,Object 1,https://uae.dubizzle.com/
955,Dubai,Jumeirah Village Circle (JVC),JVC District 12,Elysee Heights,https://uae.dubizzle.com/
956,Dubai,Jumeirah Village Circle (JVC),JVC District 12,Roxana Residences,https://uae.dubizzle.com/
957,Dubai,Jumeirah Village Circle (JVC),JVC District 12,La Perla Homes 12,https://uae.dubizzle.com/
958,Dubai,Jumeirah Village Circle (JVC),JVC District 12,Le Parc Homes II,https://uae.dubizzle.com/
959,Dubai,Jumeirah Village Circle (JVC),JVC District 12,Las Casas,https://uae.dubizzle.com/
960,Dubai,Jumeirah Village Circle (JVC),JVC District 12,AB Cavalier,https://uae.dubizzle.com/
961,Dubai,Jumeirah Village Circle (JVC),JVC District 12,Westar Azure,https://uae.dubizzle.com/
962,Dubai,Jumeirah Village Circle (JVC),JVC District 12,Cubix Residences,https://uae.dubizzle.com/
963,Dubai,Jumeirah Village Circle (JVC),JVC District 12,Westar Crest,https://uae.dubizzle.com/
964,Dubai,Jumeirah Village Circle (JVC),JVC District 12,Joudi Residences Villa Townhouses,https://uae.dubizzle.com/
965,Dubai,Jumeirah Village Circle (JVC),JVC District 12,Gardenia Residency,https://uae.dubizzle.com/
966,Dubai,Jumeirah Village Circle (JVC),JVC District 12,Nicholas Residence,https://uae.dubizzle.com/
967,Dubai,Jumeirah Village Circle (JVC),JVC District 12,7 West Residence,https://uae.dubizzle.com/
968,Dubai,Jumeirah Village Circle (JVC),JVC District 14,Electra,https://www.bayut.com/
969,Dubai,Jumeirah Village Circle (JVC),JVC District 14,Luma Park Views,https://www.bayut.com/
970,Dubai,Jumeirah Village Circle (JVC),JVC District 14,Helvetia Residences,https://www.bayut.com/
971,Dubai,Jumeirah Village Circle (JVC),JVC District 14,1WOOD Residence,https://www.bayut.com/
972,Dubai,Jumeirah Village Circle (JVC),JVC District 14,99 Park Place,https://www.bayut.com/
973,Dubai,Jumeirah Village Circle (JVC),JVC District 14,FIVE Jumeirah Village,https://www.bayut.com/
974,Dubai,Jumeirah Village Circle (JVC),JVC District 14,Lumina Vista Residences,https://www.bayut.com/
975,Dubai,Jumeirah Village Circle (JVC),JVC District 14,LOCI Residences,https://www.bayut.com/
976,Dubai,Jumeirah Village Circle (JVC),JVC District 14,Violet Tower,https://www.bayut.com/
977,Dubai,Jumeirah Village Circle (JVC),JVC District 14,Luma21,https://www.bayut.com/
978,Dubai,Jumeirah Village Circle (JVC),JVC District 14,Emirates Gardens 2,https://www.bayut.com/
979,Dubai,Jumeirah Village Circle (JVC),JVC District 14,The One at Jumeirah Village Circle,https://www.bayut.com/
980,Dubai,Jumeirah Village Circle (JVC),JVC District 13,Plaza Residences,https://uae.dubizzle.com/
981,Dubai,Jumeirah Village Circle (JVC),JVC District 13,Ozone1 Residence,https://uae.dubizzle.com/
982,Dubai,Jumeirah Village Circle (JVC),JVC District 13,Samana Manhattan 1,https://uae.dubizzle.com/
983,Dubai,Jumeirah Village Circle (JVC),JVC District 13,Binghatti Phoenix,https://uae.dubizzle.com/
984,Dubai,Jumeirah Village Circle (JVC),JVC District 13,Samana Waves 2,https://uae.dubizzle.com/
985,Dubai,Jumeirah Village Circle (JVC),JVC District 13,Q Gardens Lofts,https://uae.dubizzle.com/
986,Dubai,Jumeirah Village Circle (JVC),JVC District 13,Elitz 3 by Danube,https://uae.dubizzle.com/
987,Dubai,Jumeirah Village Circle (JVC),JVC District 13,Binghatti Crest,https://uae.dubizzle.com/
988,Dubai,Jumeirah Village Circle (JVC),JVC District 13,Samana Waves,https://uae.dubizzle.com/
989,Dubai,Jumeirah Village Circle (JVC),JVC District 13,Reef Residence,https://uae.dubizzle.com/
990,Dubai,Jumeirah Village Circle (JVC),JVC District 13,Pantheon Elysee I,https://uae.dubizzle.com/
991,Dubai,Jumeirah Village Circle (JVC),JVC District 13,Levanto By Oro24,https://uae.dubizzle.com/
992,Dubai,Jumeirah Village Circle (JVC),JVC District 13,Avalon Tower,https://uae.dubizzle.com/
993,Dubai,Jumeirah Village Circle (JVC),JVC District 13,Lucky 1 Residences,https://uae.dubizzle.com/
994,Dubai,Jumeirah Village Circle (JVC),JVC District 13,Beverly Residence,https://uae.dubizzle.com/
995,Dubai,Jumeirah Village Circle (JVC),JVC District 13,Binghatti Venus,https://uae.dubizzle.com/
996,Dubai,Jumeirah Village Circle (JVC),JVC District 13,The Square Tower,https://uae.dubizzle.com/
997,Dubai,Jumeirah Village Circle (JVC),JVC District 13,Botanica,https://uae.dubizzle.com/
998,Dubai,Jumeirah Village Circle (JVC),JVC District 13,Melody Townhouses,https://uae.dubizzle.com/
999,Dubai,Jumeirah Village Circle (JVC),JVC District 13,Chaimaa Avenue Residences,https://uae.dubizzle.com/
1000,Dubai,Jumeirah Village Circle (JVC),JVC District 13,Pearl House by Imtiaz,https://uae.dubizzle.com/
1001,Dubai,Jumeirah Village Circle (JVC),JVC District 13,Cappadocia,https://uae.dubizzle.com/
1002,Dubai,Jumeirah Village Circle (JVC),JVC District 13,Orchidea Residence,https://uae.dubizzle.com/
1003,Dubai,Jumeirah Village Circle (JVC),JVC District 13,Sobha Daffodil,https://uae.dubizzle.com/
1004,Dubai,Jumeirah Village Circle (JVC),JVC District 13,Knightsbridge Court,https://uae.dubizzle.com/
1005,Dubai,Jumeirah Village Circle (JVC),JVC District 13,Indigo Ville 3,https://uae.dubizzle.com/
1006,Dubai,Jumeirah Village Circle (JVC),JVC District 13,Westar Vista,https://uae.dubizzle.com/
1007,Dubai,Jumeirah Village Circle (JVC),JVC District 13,Mulberry Mansions,https://uae.dubizzle.com/
1008,Dubai,Jumeirah Village Circle (JVC),JVC District 13,Chaimaa Avenue 2,https://uae.dubizzle.com/
1009,Dubai,Jumeirah Village Circle (JVC),JVC District 13,Marwa Homes 2,https://uae.dubizzle.com/
1010,Dubai,Jumeirah Village Circle (JVC),JVC District 13,Westar Reflections,https://uae.dubizzle.com/
1011,Dubai,Jumeirah Village Circle (JVC),JVC District 13,Dar Al Jawhara Residence,https://uae.dubizzle.com/
1012,Dubai,Jumeirah Village Circle (JVC),JVC District 13,Park Corner,https://uae.dubizzle.com/
1013,Dubai,Jumeirah Village Circle (JVC),JVC District 13,La Belle Vue,https://uae.dubizzle.com/
1014,Dubai,Jumeirah Village Circle (JVC),JVC District 13,Al Waleed Building,https://uae.dubizzle.com/
1015,Dubai,Jumeirah Village Circle (JVC),JVC District 12,V1TER Residence,https://www.bayut.com/
1016,Dubai,Jumeirah Village Circle (JVC),JVC District 12,The Orchard Place,https://www.bayut.com/
1017,Dubai,Jumeirah Village Circle (JVC),JVC District 12,Lucky Oasis Residence,https://www.bayut.com/
1018,Dubai,Jumeirah Village Circle (JVC),JVC District 12,RA1N Residence,https://www.bayut.com/
1019,Dubai,Jumeirah Village Circle (JVC),JVC District 12,Maison Elysee,https://www.bayut.com/
1020,Dubai,Jumeirah Village Circle (JVC),JVC District 12,Avant Garde Residences by Skyline,https://www.bayut.com/
1021,Dubai,Jumeirah Village Circle (JVC),JVC District 12,Q Gardens Lofts 2,https://www.bayut.com/
1022,Dubai,Jumeirah Village Circle (JVC),JVC District 12,Binghatti Nova,https://www.bayut.com/
1023,Dubai,Jumeirah Village Circle (JVC),JVC District 12,Sapphire 32,https://www.bayut.com/
1024,Dubai,Jumeirah Village Circle (JVC),JVC District 12,Emirates Gardens,https://www.bayut.com/
1025,Dubai,Jumeirah Village Circle (JVC),JVC District 12,Binghatti Luna,https://www.bayut.com/
1026,Dubai,Jumeirah Village Circle (JVC),JVC District 12,Lilac Park,https://www.bayut.com/
1027,Dubai,Jumeirah Village Circle (JVC),JVC District 13,Plaza Residences,https://www.bayut.com/
1028,Dubai,Jumeirah Village Circle (JVC),JVC District 13,Binghatti Phoenix,https://www.bayut.com/
1029,Dubai,Jumeirah Village Circle (JVC),JVC District 13,Ozone1 Residence,https://www.bayut.com/
1030,Dubai,Jumeirah Village Circle (JVC),JVC District 13,Samana Manhattan 1,https://www.bayut.com/
1031,Dubai,Jumeirah Village Circle (JVC),JVC District 13,Elitz 3 by Danube,https://www.bayut.com/
1032,Dubai,Jumeirah Village Circle (JVC),JVC District 13,Levanto By Oro24,https://www.bayut.com/
1033,Dubai,Jumeirah Village Circle (JVC),JVC District 13,Reef Residence,https://www.bayut.com/
1034,Dubai,Jumeirah Village Circle (JVC),JVC District 13,Binghatti Crest,https://www.bayut.com/
1035,Dubai,Jumeirah Village Circle (JVC),JVC District 13,Q Gardens Lofts,https://www.bayut.com/
1036,Dubai,Jumeirah Village Circle (JVC),JVC District 13,Samana Waves,https://www.bayut.com/
1037,Dubai,Jumeirah Village Circle (JVC),JVC District 13,Avalon Tower,https://www.bayut.com/
1038,Dubai,Jumeirah Village Circle (JVC),JVC District 13,Pantheon Elysee I,https://www.bayut.com/
1039,Dubai,Jumeirah Village Circle (JVC),JVC District 11,Oakley Square Residence,https://uae.dubizzle.com/
1040,Dubai,Jumeirah Village Circle (JVC),JVC District 11,Hadley Heights,https://uae.dubizzle.com/
1041,Dubai,Jumeirah Village Circle (JVC),JVC District 11,Binghatti Amber,https://uae.dubizzle.com/
1042,Dubai,Jumeirah Village Circle (JVC),JVC District 11,Terrazzo Residences,https://uae.dubizzle.com/
1043,Dubai,Jumeirah Village Circle (JVC),JVC District 11,Elitz by Danube,https://uae.dubizzle.com/
1044,Dubai,Jumeirah Village Circle (JVC),JVC District 11,Oxford Terraces,https://uae.dubizzle.com/
1045,Dubai,Jumeirah Village Circle (JVC),JVC District 11,Binghatti Tulip,https://uae.dubizzle.com/
1046,Dubai,Jumeirah Village Circle (JVC),JVC District 11,Binghatti Gardenia,https://uae.dubizzle.com/
1047,Dubai,Jumeirah Village Circle (JVC),JVC District 11,Maimoon Gardens,https://uae.dubizzle.com/
1048,Dubai,Jumeirah Village Circle (JVC),JVC District 11,Crystal Residence,https://uae.dubizzle.com/
1049,Dubai,Jumeirah Village Circle (JVC),JVC District 11,Binghatti Galaxy,https://uae.dubizzle.com/
1050,Dubai,Jumeirah Village Circle (JVC),JVC District 11,Diamond Views III,https://uae.dubizzle.com/
1051,Dubai,Jumeirah Village Circle (JVC),JVC District 11,Concept 7 Residences,https://uae.dubizzle.com/
1052,Dubai,Jumeirah Village Circle (JVC),JVC District 11,Binghatti Crescent,https://uae.dubizzle.com/
1053,Dubai,Jumeirah Village Circle (JVC),JVC District 11,Fortunato,https://uae.dubizzle.com/
1054,Dubai,Jumeirah Village Circle (JVC),JVC District 11,Diamond Views IV,https://uae.dubizzle.com/
1055,Dubai,Jumeirah Village Circle (JVC),JVC District 11,City Apartments,https://uae.dubizzle.com/
1056,Dubai,Jumeirah Village Circle (JVC),JVC District 11,Astoria Residence,https://uae.dubizzle.com/
1057,Dubai,Jumeirah Village Circle (JVC),JVC District 11,ALCOVE,https://uae.dubizzle.com/
1058,Dubai,Jumeirah Village Circle (JVC),JVC District 11,Casa Grande,https://uae.dubizzle.com/
1059,Dubai,Jumeirah Village Circle (JVC),JVC District 11,Pulse Smart Residence,https://uae.dubizzle.com/
1060,Dubai,Jumeirah Village Circle (JVC),JVC District 11,G24 Tower,https://uae.dubizzle.com/
1061,Dubai,Jumeirah Village Circle (JVC),JVC District 11,Oxford Terraces 2,https://uae.dubizzle.com/
1062,Dubai,Jumeirah Village Circle (JVC),JVC District 11,Diamond Views II,https://uae.dubizzle.com/
1063,Dubai,Jumeirah Village Circle (JVC),JVC District 11,ACES Chateau,https://uae.dubizzle.com/
1064,Dubai,Jumeirah Village Circle (JVC),JVC District 11,Penta Villas,https://uae.dubizzle.com/
1065,Dubai,Jumeirah Village Circle (JVC),JVC District 11,Mirabella,https://uae.dubizzle.com/
1066,Dubai,Jumeirah Village Circle (JVC),JVC District 11,AG Residence,https://uae.dubizzle.com/
1067,Dubai,Jumeirah Village Circle (JVC),JVC District 11,Joya Verde Residences,https://uae.dubizzle.com/
1068,Dubai,Jumeirah Village Circle (JVC),JVC District 11,Bluebell Residence,https://uae.dubizzle.com/
1069,Dubai,Jumeirah Village Circle (JVC),JVC District 11,Rokane G22,https://uae.dubizzle.com/
1070,Dubai,Jumeirah Village Circle (JVC),JVC District 11,Westar Constellation Villas,https://uae.dubizzle.com/
1071,Dubai,Jumeirah Village Circle (JVC),JVC District 11,Sunset Gardens,https://uae.dubizzle.com/
1072,Dubai,Jumeirah Village Circle (JVC),JVC District 11,Comfy Villas,https://uae.dubizzle.com/
1073,Dubai,Jumeirah Village Circle (JVC),JVC District 11,Oakley Square Residence,https://www.bayut.com/
1074,Dubai,Jumeirah Village Circle (JVC),JVC District 11,Elitz by Danube,https://www.bayut.com/
1075,Dubai,Jumeirah Village Circle (JVC),JVC District 11,Binghatti Amber,https://www.bayut.com/
1076,Dubai,Jumeirah Village Circle (JVC),JVC District 11,Binghatti Galaxy,https://www.bayut.com/
1077,Dubai,Jumeirah Village Circle (JVC),JVC District 11,Roma Residences by JRP,https://www.bayut.com/
1078,Dubai,Jumeirah Village Circle (JVC),JVC District 11,Hadley Heights,https://www.bayut.com/
1079,Dubai,Jumeirah Village Circle (JVC),JVC District 11,Oxford Terraces,https://www.bayut.com/
1080,Dubai,Jumeirah Village Circle (JVC),JVC District 11,Maimoon Gardens,https://www.bayut.com/
1081,Dubai,Jumeirah Village Circle (JVC),JVC District 11,Binghatti Tulip,https://www.bayut.com/
1082,Dubai,Jumeirah Village Circle (JVC),JVC District 11,Terrazzo Residences,https://www.bayut.com/
1083,Dubai,Jumeirah Village Circle (JVC),JVC District 11,Sky Livings by Peace Homes,https://www.bayut.com/
1084,Dubai,Jumeirah Village Circle (JVC),JVC District 11,Binghatti Gardenia,https://www.bayut.com/
1085,Dubai,Jumeirah Village Circle (JVC),JVC District 15,Seasons Community,https://www.bayut.com/
1086,Dubai,Jumeirah Village Circle (JVC),JVC District 15,Binghatti Emerald,https://www.bayut.com/
1087,Dubai,Jumeirah Village Circle (JVC),JVC District 15,Bloom Heights,https://www.bayut.com/
1088,Dubai,Jumeirah Village Circle (JVC),JVC District 15,Stonehenge Residences 2,https://www.bayut.com/
1089,Dubai,Jumeirah Village Circle (JVC),JVC District 15,Zaya Hameni,https://www.bayut.com/
1090,Dubai,Jumeirah Village Circle (JVC),JVC District 15,Binghatti Onyx,https://www.bayut.com/
1091,Dubai,Jumeirah Village Circle (JVC),JVC District 15,Beverly Residence 2,https://www.bayut.com/
1092,Dubai,Jumeirah Village Circle (JVC),JVC District 15,One Park Central,https://www.bayut.com/
1093,Dubai,Jumeirah Village Circle (JVC),JVC District 15,Pantheon Elysee III,https://www.bayut.com/
1094,Dubai,Jumeirah Village Circle (JVC),JVC District 15,Binghatti Gate,https://www.bayut.com/
1095,Dubai,Jumeirah Village Circle (JVC),JVC District 15,North 43,https://www.bayut.com/
1096,Dubai,Jumeirah Village Circle (JVC),JVC District 15,Laya Mansion,https://www.bayut.com/
1097,Dubai,Jumeirah Village Circle (JVC),JVC District 15,Seasons Community,https://uae.dubizzle.com/
1098,Dubai,Jumeirah Village Circle (JVC),JVC District 15,Binghatti Emerald,https://uae.dubizzle.com/
1099,Dubai,Jumeirah Village Circle (JVC),JVC District 15,Binghatti Onyx,https://uae.dubizzle.com/
1100,Dubai,Jumeirah Village Circle (JVC),JVC District 15,Zaya Hameni,https://uae.dubizzle.com/
1101,Dubai,Jumeirah Village Circle (JVC),JVC District 15,Bloom Heights,https://uae.dubizzle.com/
1102,Dubai,Jumeirah Village Circle (JVC),JVC District 15,Beverly Residence 2,https://uae.dubizzle.com/
1103,Dubai,Jumeirah Village Circle (JVC),JVC District 15,Binghatti Gate,https://uae.dubizzle.com/
1104,Dubai,Jumeirah Village Circle (JVC),JVC District 15,North 43,https://uae.dubizzle.com/
1105,Dubai,Jumeirah Village Circle (JVC),JVC District 15,Marwa Heights,https://uae.dubizzle.com/
1106,Dubai,Jumeirah Village Circle (JVC),JVC District 15,Pantheon Elysee III,https://uae.dubizzle.com/
1107,Dubai,Jumeirah Village Circle (JVC),JVC District 15,Hameni Residence,https://uae.dubizzle.com/
1108,Dubai,Jumeirah Village Circle (JVC),JVC District 15,Laya Mansion,https://uae.dubizzle.com/
1109,Dubai,Jumeirah Village Circle (JVC),JVC District 15,Mulberry Park,https://uae.dubizzle.com/
1110,Dubai,Jumeirah Village Circle (JVC),JVC District 15,Belgravia 3,https://uae.dubizzle.com/
1111,Dubai,Jumeirah Village Circle (JVC),JVC District 15,Binghatti Rose,https://uae.dubizzle.com/
1112,Dubai,Jumeirah Village Circle (JVC),JVC District 15,Lotus Park,https://uae.dubizzle.com/
1113,Dubai,Jumeirah Village Circle (JVC),JVC District 15,Eaton Place,https://uae.dubizzle.com/
1114,Dubai,Jumeirah Village Circle (JVC),JVC District 15,Chaimaa Premiere,https://uae.dubizzle.com/
1115,Dubai,Jumeirah Village Circle (JVC),JVC District 15,Villa Myra,https://uae.dubizzle.com/
1116,Dubai,Jumeirah Village Circle (JVC),JVC District 15,Binghatti Jasmine,https://uae.dubizzle.com/
1117,Dubai,Jumeirah Village Circle (JVC),JVC District 15,Oxford Boulevard,https://uae.dubizzle.com/
1118,Dubai,Jumeirah Village Circle (JVC),JVC District 15,Artistic Villas,https://uae.dubizzle.com/
1119,Dubai,Jumeirah Village Circle (JVC),JVC District 15,Indigo Ville 8,https://uae.dubizzle.com/
1120,Dubai,Jumeirah Village Circle (JVC),JVC District 15,Sydney Villas,https://uae.dubizzle.com/
1121,Dubai,Jumeirah Village Circle (JVC),JVC District 15,Oxford Villas,https://uae.dubizzle.com/
1122,Dubai,Jumeirah Village Circle (JVC),JVC District 15,Valencia Park,https://uae.dubizzle.com/
1123,Dubai,Jumeirah Village Circle (JVC),JVC District 15,Casa Royale,https://uae.dubizzle.com/
1124,Dubai,Jumeirah Village Circle (JVC),JVC District 18,Cello Residences,https://www.bayut.com/
1125,Dubai,Jumeirah Village Circle (JVC),JVC District 18,DAMAC Ghalia,https://www.bayut.com/
1126,Dubai,Jumeirah Village Circle (JVC),JVC District 18,Tower 108,https://www.bayut.com/
1127,Dubai,Jumeirah Village Circle (JVC),JVC District 18,Sydney Tower,https://www.bayut.com/
1128,Dubai,Jumeirah Village Circle (JVC),JVC District 18,Westwood Grande,https://www.bayut.com/
1129,Dubai,Jumeirah Village Circle (JVC),JVC District 18,Dusit Princess Rijas,https://www.bayut.com/
1130,Dubai,Jumeirah Village Circle (JVC),JVC District 18,Elegance by Chaimaa Holding,https://www.bayut.com/
1131,Dubai,Jumeirah Village Circle (JVC),JVC District 18,Emerald Tower,https://www.bayut.com/
1132,Dubai,Jumeirah Village Circle (JVC),JVC District 18,Grand Heights,https://www.bayut.com/
1133,Dubai,Jumeirah Village Circle (JVC),JVC District 18,DAMAC Ghalia,https://uae.dubizzle.com/
1134,Dubai,Jumeirah Village Circle (JVC),JVC District 18,Sydney Tower,https://uae.dubizzle.com/
1135,Dubai,Jumeirah Village Circle (JVC),JVC District 18,Dusit Princess Rijas,https://uae.dubizzle.com/
1136,Dubai,Jumeirah Village Circle (JVC),JVC District 18,Westwood Grande,https://uae.dubizzle.com/
1137,Dubai,Jumeirah Village Circle (JVC),JVC District 16,Aveline Residences,https://uae.dubizzle.com/
1138,Dubai,Jumeirah Village Circle (JVC),JVC District 16,Rise Residences,https://uae.dubizzle.com/
1139,Dubai,Jumeirah Village Circle (JVC),JVC District 16,Binghatti Azure,https://uae.dubizzle.com/
1140,Dubai,Jumeirah Village Circle (JVC),JVC District 16,Neva Residences,https://uae.dubizzle.com/
1141,Dubai,Jumeirah Village Circle (JVC),JVC District 16,Alef Noon Residence,https://uae.dubizzle.com/
1142,Dubai,Jumeirah Village Circle (JVC),JVC District 16,District 16J,https://uae.dubizzle.com/
1143,Dubai,Jumeirah Village Circle (JVC),JVC District 16,Aveline Residences,https://www.bayut.com/
1144,Dubai,Jumeirah Village Circle (JVC),JVC District 16,Rise Residences,https://www.bayut.com/
1145,Dubai,Jumeirah Village Circle (JVC),JVC District 16,Binghatti Azure,https://www.bayut.com/
1146,Dubai,Jumeirah Village Circle (JVC),JVC District 16,Neva Residences,https://www.bayut.com/
1147,Dubai,Jumeirah Village Circle (JVC),JVC District 16,The F1fth,https://www.bayut.com/
1148,Dubai,Jumeirah Village Circle (JVC),JVC District 16,Alef Noon Residence,https://www.bayut.com/
1149,Dubai,Jumeirah Village Circle (JVC),JVC District 16,Rooya Townhouses,https://www.bayut.com/
1150,Dubai,Jumeirah Village Circle (JVC),JVC District 16,The Vybe,https://www.bayut.com/
1151,Dubai,Jumeirah Village Circle (JVC),JVC District 16,District 16J,https://www.bayut.com/
1152,Dubai,Jumeirah Village Circle (JVC),JVC District 17,The East Crest,https://www.bayut.com/
1153,Dubai,Jumeirah Village Circle (JVC),JVC District 17,Marriott Residences JVC,https://www.bayut.com/
1154,Dubai,Jumeirah Village Circle (JVC),JVC District 17,Milano by Giovanni Boutique Suites,https://www.bayut.com/
1155,Dubai,Jumeirah Village Circle (JVC),JVC District 17,Empire Residence,https://www.bayut.com/
1156,Dubai,Jumeirah Village Circle (JVC),JVC District 17,Dezire Residences,https://www.bayut.com/
1157,Dubai,Jumeirah Village Circle (JVC),JVC District 17,Exotica by Al Marina,https://www.bayut.com/
1158,Dubai,Jumeirah Village Circle (JVC),JVC District 17,7 Park Central,https://www.bayut.com/
1159,Dubai,Jumeirah Village Circle (JVC),JVC District 17,Binghatti Phantom,https://www.bayut.com/
1160,Dubai,Jumeirah Village Circle (JVC),JVC District 17,Vita Grande,https://www.bayut.com/
1161,Dubai,Jumeirah Village Circle (JVC),JVC District 17,Dune Residency,https://www.bayut.com/
1162,Dubai,Jumeirah Village Circle (JVC),JVC District 17,Park Boulevard,https://www.bayut.com/
1163,Dubai,Jumeirah Village Circle (JVC),JVC District 17,The East Crest,https://uae.dubizzle.com/
1164,Dubai,Jumeirah Village Circle (JVC),JVC District 17,Marriott Residences JVC,https://uae.dubizzle.com/
1165,Dubai,Jumeirah Village Circle (JVC),JVC District 17,Empire Residence,https://uae.dubizzle.com/
1166,Dubai,Jumeirah Village Circle (JVC),JVC District 17,Binghatti Phantom,https://uae.dubizzle.com/
1167,Dubai,Jumeirah Village Circle (JVC),JVC District 17,7 Park Central,https://uae.dubizzle.com/
1168,Dubai,Jumeirah Village Circle (JVC),JVC District 17,Dezire Residences,https://uae.dubizzle.com/
1169,Dubai,Jumeirah Village Circle (JVC),JVC District 17,Dune Residency,https://uae.dubizzle.com/
1170,Dubai,Jumeirah Village Circle (JVC),JVC District 17,Park Boulevard,https://uae.dubizzle.com/
1171,Dubai,Jumeirah Village Circle (JVC),JVC District 17,MILANO by Giovanni Boutique Suites,https://uae.dubizzle.com/
1172,Dubai,Jumeirah Village Circle (JVC),JVC District 17,Vita Grande,https://uae.dubizzle.com/
1173,Dubai,Business Bay,Aykon City,Aykon City Tower C,https://uae.dubizzle.com/
1174,Dubai,Business Bay,Aykon City,Aykon City Tower B,https://uae.dubizzle.com/
1175,Dubai,Business Bay,Aykon City,Safa Two by De Grisogono,https://uae.dubizzle.com/
1176,Dubai,Business Bay,Aykon City,Aykon City Tower A,https://uae.dubizzle.com/
1177,Dubai,Business Bay,Peninsula,Peninsula Four The Plaza,https://uae.dubizzle.com/
1178,Dubai,Business Bay,Peninsula,Peninsula Three,https://uae.dubizzle.com/
1179,Dubai,Business Bay,Peninsula,Peninsula One,https://uae.dubizzle.com/
1180,Dubai,Business Bay,Peninsula,Peninsula Two,https://uae.dubizzle.com/
1181,Dubai,Business Bay,Peninsula,Peninsula Five,https://uae.dubizzle.com/
1182,Dubai,Business Bay,Peninsula,Peninsula Five Waterfront Duplexes,https://uae.dubizzle.com/
1183,Dubai,Business Bay,DAMAC Towers by Paramount Hotels and Resorts,Tower C,https://uae.dubizzle.com/
1184,Dubai,Business Bay,DAMAC Towers by Paramount Hotels and Resorts,Tower B,https://uae.dubizzle.com/
1185,Dubai,Business Bay,DAMAC Towers by Paramount Hotels and Resorts,Tower A,https://uae.dubizzle.com/
1186,Dubai,Business Bay,DAMAC Towers by Paramount Hotels and Resorts,Tower D,https://uae.dubizzle.com/
1187,Dubai,Business Bay,Al Habtoor City,Al Habtoor Tower,https://uae.dubizzle.com/
1188,Dubai,Business Bay,Al Habtoor City,Amna,https://uae.dubizzle.com/
1189,Dubai,Business Bay,Al Habtoor City,Noora,https://uae.dubizzle.com/
1190,Dubai,Business Bay,DAMAC Maison Prive,Damac Maison Prive Tower A,https://uae.dubizzle.com/
1191,Dubai,Business Bay,DAMAC Maison Prive,Damac Maison Prive Tower B,https://uae.dubizzle.com/
1192,Dubai,Business Bay,The Sterling,The Sterling East,https://uae.dubizzle.com/
1193,Dubai,Business Bay,The Sterling,The Sterling West,https://uae.dubizzle.com/
1194,Dubai,Business Bay,Executive Towers,Executive Tower B (East Heights 4),https://uae.dubizzle.com/
1195,Dubai,Business Bay,Executive Towers,Executive Tower G,https://uae.dubizzle.com/
1196,Dubai,Business Bay,Executive Towers,Executive Tower M (West Heights 1),https://uae.dubizzle.com/
1197,Dubai,Business Bay,Executive Towers,Executive Tower C,https://uae.dubizzle.com/
1198,Dubai,Business Bay,Executive Towers,Executive Tower J,https://uae.dubizzle.com/
1199,Dubai,Business Bay,Executive Towers,Executive Tower K,https://uae.dubizzle.com/
1200,Dubai,Business Bay,Executive Towers,Executive Tower F,https://uae.dubizzle.com/
1201,Dubai,Business Bay,Executive Towers,Executive Tower H,https://uae.dubizzle.com/
1202,Dubai,Business Bay,Executive Towers,Executive Tower L,https://uae.dubizzle.com/
1203,Dubai,Business Bay,Executive Towers,Executive Tower E,https://uae.dubizzle.com/
1204,Dubai,Business Bay,The Edge,The Edge Tower A,https://uae.dubizzle.com/
1205,Dubai,Business Bay,The Edge,The Edge Tower B,https://uae.dubizzle.com/
1206,Dubai,Business Bay,Canal Crown,Canal Crown Tower 1,https://uae.dubizzle.com/
1207,Dubai,Business Bay,Canal Crown,Canal Crown Tower 2,https://uae.dubizzle.com/
1208,Dubai,Business Bay,Bay Square,Bay Square 9,https://uae.dubizzle.com/
1209,Dubai,Business Bay,Bay Square,Bay Square 2,https://uae.dubizzle.com/
1210,Dubai,Business Bay,Bay Square,Bay Square 8,https://uae.dubizzle.com/
1211,Dubai,Business Bay,Bay Square,Bay Square 12,https://uae.dubizzle.com/
1212,Dubai,Business Bay,Bay Square,Bay Square 6,https://uae.dubizzle.com/
1213,Dubai,Business Bay,Bay Square,Bay Square 10,https://uae.dubizzle.com/
1214,Dubai,Business Bay,Bay Square,Bay Square 7,https://uae.dubizzle.com/
1215,Dubai,Business Bay,Bay Square,Bay Square 11,https://uae.dubizzle.com/
1216,Dubai,Business Bay,Bay Square,Bay Square 1,https://uae.dubizzle.com/
1217,Dubai,Business Bay,Bay Square,Bay Square 13,https://uae.dubizzle.com/
1218,Dubai,Business Bay,The Atria,The Atria Residences,https://uae.dubizzle.com/
1219,Dubai,Business Bay,The Atria,Millennium Atria,https://uae.dubizzle.com/
1220,Dubai,Business Bay,15 Northside,15 Northside Tower 2,https://uae.dubizzle.com/
1221,Dubai,Business Bay,15 Northside,15 Northside Tower 1,https://uae.dubizzle.com/
1222,Dubai,Business Bay,Capital Bay Towers,Capital Bay Tower A,https://uae.dubizzle.com/
1223,Dubai,Business Bay,Capital Bay Towers,Capital Bay Tower B,https://uae.dubizzle.com/
1224,Dubai,Business Bay,Aykon City,DAMAC Maison Aykon City,https://www.bayut.com/
1225,Dubai,Business Bay,Aykon City,Aykon City Tower C,https://www.bayut.com/
1226,Dubai,Business Bay,Aykon City,Safa Two by De Grisogono,https://www.bayut.com/
1227,Dubai,Business Bay,Aykon City,Aykon City Tower A,https://www.bayut.com/
1228,Dubai,Business Bay,Aykon City,One B Tower,https://www.bayut.com/
1229,Dubai,Business Bay,Peninsula,Peninsula Four The Plaza,https://www.bayut.com/
1230,Dubai,Business Bay,Peninsula,Peninsula One,https://www.bayut.com/
1231,Dubai,Business Bay,Peninsula,Peninsula Three,https://www.bayut.com/
1232,Dubai,Business Bay,Peninsula,Peninsula Two,https://www.bayut.com/
1233,Dubai,Business Bay,Peninsula,Peninsula Five,https://www.bayut.com/
1234,Dubai,Business Bay,Peninsula,Peninsula Five Waterfront Duplexes,https://www.bayut.com/
1235,Dubai,Business Bay,J One,J One Tower A,https://uae.dubizzle.com/
1236,Dubai,Business Bay,J One,J One Tower B,https://uae.dubizzle.com/
1237,Dubai,Business Bay,Al Habtoor City,Al Habtoor Tower,https://www.bayut.com/
1238,Dubai,Business Bay,Al Habtoor City,Noora,https://www.bayut.com/
1239,Dubai,Business Bay,Al Habtoor City,Amna,https://www.bayut.com/
1240,Dubai,Business Bay,Al Habtoor City,Meera Tower,https://www.bayut.com/
1241,Dubai,Business Bay,DAMAC Towers by Paramount Hotels and Resorts,Tower B,https://www.bayut.com/
1242,Dubai,Business Bay,DAMAC Towers by Paramount Hotels and Resorts,Tower C,https://www.bayut.com/
1243,Dubai,Business Bay,DAMAC Towers by Paramount Hotels and Resorts,Tower A,https://www.bayut.com/
1244,Dubai,Business Bay,DAMAC Towers by Paramount Hotels and Resorts,Tower D,https://www.bayut.com/
1245,Dubai,Business Bay,The Edge,The Edge Tower A,https://www.bayut.com/
1246,Dubai,Business Bay,The Edge,The Edge Tower B,https://www.bayut.com/
1247,Dubai,Business Bay,DAMAC Maison Prive,Damac Maison Prive Tower A,https://www.bayut.com/
1248,Dubai,Business Bay,DAMAC Maison Prive,Damac Maison Prive Tower B,https://www.bayut.com/
1249,Dubai,Business Bay,Executive Towers,Executive Tower B (East Heights 4),https://www.bayut.com/
1250,Dubai,Business Bay,Executive Towers,Executive Tower G,https://www.bayut.com/
1251,Dubai,Business Bay,Executive Towers,Executive Tower J,https://www.bayut.com/
1252,Dubai,Business Bay,Executive Towers,Executive Tower M (West Heights 1),https://www.bayut.com/
1253,Dubai,Business Bay,Executive Towers,Executive Tower C,https://www.bayut.com/
1254,Dubai,Business Bay,Executive Towers,Executive Tower K,https://www.bayut.com/
1255,Dubai,Business Bay,Executive Towers,Executive Tower F,https://www.bayut.com/
1256,Dubai,Business Bay,Executive Towers,Executive Tower L,https://www.bayut.com/
1257,Dubai,Business Bay,Executive Towers,Executive Tower H,https://www.bayut.com/
1258,Dubai,Business Bay,Executive Towers,Plaza Boutique,https://www.bayut.com/
1259,Dubai,Business Bay,Executive Towers,Executive Tower E,https://www.bayut.com/
1260,Dubai,Downtown Dubai,Opera District,Act One | Act Two Towers,https://www.bayut.com/
1261,Dubai,Downtown Dubai,Opera District,Grande,https://www.bayut.com/
1262,Dubai,Downtown Dubai,Forte,Forte 1,https://www.bayut.com/
1263,Dubai,Downtown Dubai,Forte,Forte 2,https://www.bayut.com/
1264,Dubai,Downtown Dubai,St. Regis The Residences,St. Regis The Residences Tower 1,https://www.bayut.com/
1265,Dubai,Downtown Dubai,St. Regis The Residences,St. Regis The Residences Tower 2,https://www.bayut.com/
1266,Dubai,Downtown Dubai,The Address Residences Dubai Opera,The Address Residences Dubai Opera Tower 2,https://www.bayut.com/
1267,Dubai,Downtown Dubai,The Address Residences Dubai Opera,The Address Residences Dubai Opera Tower 1,https://www.bayut.com/
1268,Dubai,Downtown Dubai,Old Town,Reehan,https://www.bayut.com/
1269,Dubai,Downtown Dubai,Old Town,Yansoon,https://www.bayut.com/
1270,Dubai,Downtown Dubai,Old Town,Miska,https://www.bayut.com/
1271,Dubai,Downtown Dubai,Old Town,Zanzebeel,https://www.bayut.com/
1272,Dubai,Downtown Dubai,Old Town,Kamoon,https://www.bayut.com/
1273,Dubai,Downtown Dubai,Old Town,Zaafaran,https://www.bayut.com/
1274,Dubai,Downtown Dubai,Vida Dubai Mall,Vida Dubai Mall Tower 1,https://www.bayut.com/
1275,Dubai,Downtown Dubai,Vida Dubai Mall,Vida Dubai Mall Tower 2,https://www.bayut.com/
1276,Dubai,Downtown Dubai,BLVD Heights,BLVD Heights Tower 1,https://www.bayut.com/
1277,Dubai,Downtown Dubai,BLVD Heights,BLVD Heights Tower 2,https://www.bayut.com/
1278,Dubai,Downtown Dubai,BLVD Heights,BLVD Heights Podium,https://www.bayut.com/
1279,Dubai,Downtown Dubai,Burj Views,Burj Views Podium,https://www.bayut.com/
1280,Dubai,Downtown Dubai,Burj Views,Burj Views A,https://www.bayut.com/
1281,Dubai,Downtown Dubai,Burj Views,Burj Views C,https://www.bayut.com/
1282,Dubai,Downtown Dubai,Burj Views,Burj Views B,https://www.bayut.com/
1283,Dubai,Dubai Marina,Marina Gate,Marina Gate 2,https://www.bayut.com/
1284,Dubai,Dubai Marina,Marina Gate,Marina Gate 1,https://www.bayut.com/
1285,Dubai,Dubai Marina,Marina Gate,Jumeirah Living Marina Gate,https://www.bayut.com/
1286,Dubai,Dubai Marina,Marina Promenade,Beauport,https://www.bayut.com/
1287,Dubai,Dubai Marina,Marina Promenade,Paloma,https://www.bayut.com/
1288,Dubai,Dubai Marina,Marina Promenade,Shemara,https://www.bayut.com/
1289,Dubai,Dubai Marina,Marina Promenade,Aurora,https://www.bayut.com/
1290,Dubai,Dubai Marina,Marina Promenade,Attessa,https://www.bayut.com/
1291,Dubai,Dubai Marina,Marina Promenade,Delphine,https://www.bayut.com/
1292,Dubai,Palm Jumeirah,The Palm Beach Towers,Palm Beach Tower 3,https://www.bayut.com/
1293,Dubai,Palm Jumeirah,The Palm Beach Towers,Palm Beach Tower 1,https://www.bayut.com/
1294,Dubai,Palm Jumeirah,The Palm Beach Towers,Palm Beach Tower 2,https://www.bayut.com/
1295,Dubai,Palm Jumeirah,The Crescent,The Royal Atlantis Resort ,https://www.bayut.com/
1296,Dubai,Palm Jumeirah,The Crescent,Th8,https://www.bayut.com/
1297,Dubai,Palm Jumeirah,The Crescent,Kempinski Palm Residence,https://www.bayut.com/
1298,Dubai,Palm Jumeirah,The Crescent,Jumeirah Zabeel Saray,https://www.bayut.com/
1299,Dubai,Palm Jumeirah,The Crescent,Raffles The Palm Dubai,https://www.bayut.com/
1300,Dubai,Palm Jumeirah,The Crescent,Dream Palm Residence,https://www.bayut.com/
1301,Dubai,Palm Jumeirah,The Crescent,Muraba Residence,https://www.bayut.com/
1302,Dubai,Palm Jumeirah,The Crescent,One Crescent,https://www.bayut.com/
1303,Dubai,Palm Jumeirah,The Crescent,Jumeirah Zabeel Saray The Palm Hotel,https://www.bayut.com/
1304,Dubai,Palm Jumeirah,Shoreline Apartments,Al Hallawi,https://www.bayut.com/
1305,Dubai,Palm Jumeirah,Shoreline Apartments,Al Msalli,https://www.bayut.com/
1306,Dubai,Palm Jumeirah,Shoreline Apartments,Al Basri,https://www.bayut.com/
1307,Dubai,Palm Jumeirah,Shoreline Apartments,Al Khushkar,https://www.bayut.com/
1308,Dubai,Palm Jumeirah,Shoreline Apartments,Al Haseer,https://www.bayut.com/
1309,Dubai,Palm Jumeirah,Shoreline Apartments,Al Hamri,https://www.bayut.com/
1310,Dubai,Palm Jumeirah,Shoreline Apartments,Al Tamr,https://www.bayut.com/
1311,Dubai,Palm Jumeirah,Shoreline Apartments,Al Shahla,https://www.bayut.com/
1312,Dubai,Palm Jumeirah,Shoreline Apartments,Jash Hamad,https://www.bayut.com/
1313,Dubai,Palm Jumeirah,Shoreline Apartments,Al Nabat,https://www.bayut.com/
1314,Dubai,Palm Jumeirah,Shoreline Apartments,Al Sultana,https://www.bayut.com/
1315,Dubai,Palm Jumeirah,Shoreline Apartments,Al Dabas,https://www.bayut.com/
1316,Dubai,Palm Jumeirah,Garden Homes Palm Jumeirah,Garden Homes Frond O,https://www.bayut.com/
1317,Dubai,Palm Jumeirah,Garden Homes Palm Jumeirah,Garden Homes Frond D,https://www.bayut.com/
1318,Dubai,Palm Jumeirah,Garden Homes Palm Jumeirah,Garden Homes Frond M,https://www.bayut.com/
1319,Dubai,Palm Jumeirah,Garden Homes Palm Jumeirah,Garden Homes Frond L,https://www.bayut.com/
1320,Dubai,Palm Jumeirah,Garden Homes Palm Jumeirah,Garden Homes Frond C,https://www.bayut.com/
1321,Dubai,Palm Jumeirah,Garden Homes Palm Jumeirah,Garden Homes Frond B,https://www.bayut.com/
1322,Dubai,Palm Jumeirah,Garden Homes Palm Jumeirah,Garden Homes Frond A,https://www.bayut.com/
1323,Dubai,Palm Jumeirah,Garden Homes Palm Jumeirah,Garden Homes Frond E,https://www.bayut.com/
1324,Dubai,Palm Jumeirah,Garden Homes Palm Jumeirah,Garden Homes Frond P,https://www.bayut.com/
1325,Dubai,Palm Jumeirah,Garden Homes Palm Jumeirah,Garden Homes Frond N,https://www.bayut.com/
1326,Dubai,Palm Jumeirah,Garden Homes Palm Jumeirah,Garden Homes Frond K,https://www.bayut.com/
1327,Dubai,Palm Jumeirah,Garden Homes Palm Jumeirah,Garden Homes Frond G,https://www.bayut.com/
1328,Dubai,Palm Jumeirah,Serenia Living,Serenia Living Tower 1,https://www.bayut.com/
1329,Dubai,Palm Jumeirah,Serenia Living,Serenia Living Tower 2,https://www.bayut.com/
1330,Dubai,Palm Jumeirah,Serenia Living,Serenia Living Tower 3,https://www.bayut.com/
1331,Dubai,Palm Jumeirah,Serenia Living,Serenia Living Tower 4,https://www.bayut.com/
1332,Dubai,Palm Jumeirah,Marina Residences,Marina Residences 6,https://www.bayut.com/
1333,Dubai,Palm Jumeirah,Marina Residences,Marina Residences 4,https://www.bayut.com/
1334,Dubai,Palm Jumeirah,Marina Residences,Marina Residences 2,https://www.bayut.com/
1335,Dubai,Palm Jumeirah,Marina Residences,Marina Residences 1,https://www.bayut.com/
1336,Dubai,Palm Jumeirah,Marina Residences,Marina Residences 3,https://www.bayut.com/
1337,Dubai,Palm Jumeirah,Marina Residences,Marina Residences 5,https://www.bayut.com/
1338,Dubai,Palm Jumeirah,Royal Amwaj Residences,Royal Amwaj Residences - North,https://www.bayut.com/
1339,Dubai,Palm Jumeirah,Royal Amwaj Residences,Royal Amwaj Residences - South,https://www.bayut.com/
1340,Dubai,Palm Jumeirah,Golden Mile,Golden Mile 1,https://www.bayut.com/
1341,Dubai,Palm Jumeirah,Golden Mile,Golden Mile 4,https://www.bayut.com/
1342,Dubai,Palm Jumeirah,Golden Mile,Golden Mile 2,https://www.bayut.com/
1343,Dubai,Palm Jumeirah,Golden Mile,Golden Mile 7,https://www.bayut.com/
1344,Dubai,Palm Jumeirah,Golden Mile,Golden Mile 6,https://www.bayut.com/
1345,Dubai,Palm Jumeirah,Golden Mile,Golden Mile 8,https://www.bayut.com/
1346,Dubai,Palm Jumeirah,Golden Mile,Golden Mile 5,https://www.bayut.com/
1347,Dubai,Palm Jumeirah,Golden Mile,Golden Mile 10,https://www.bayut.com/
1348,Dubai,Palm Jumeirah,Golden Mile,Golden Mile 3,https://www.bayut.com/
1349,Dubai,Palm Jumeirah,Golden Mile,Golden Mile 9,https://www.bayut.com/
1350,Dubai,Arjan,The Central Downtown,The Central Downtown Tower D,https://www.bayut.com/
1351,Dubai,Arjan,The Central Downtown,The Central Downtown Tower C,https://www.bayut.com/
1352,Dubai,Arjan,The Central Downtown,The Central Downtown Tower A,https://www.bayut.com/
1353,Dubai,Arjan,The Central Downtown,The Central Downtown Tower B,https://www.bayut.com/
1354,Dubai,Arjan,Lincoln Park,Lincoln Park Northside,https://www.bayut.com/
1355,Dubai,Arjan,Lincoln Park,Lincoln Park B,https://www.bayut.com/
1356,Dubai,Arjan,Lincoln Park,Lincoln Park Westside,https://www.bayut.com/
1357,Dubai,Arjan,Lincoln Park,Lincoln Park Sheffield,https://www.bayut.com/
1358,Dubai,Arjan,Lincoln Park,Lincoln Park A,https://www.bayut.com/
1359,Dubai,Dubai Creek Harbour,Address Harbour Point,Address Harbour Point Tower 2,https://www.bayut.com/
1360,Dubai,Dubai Creek Harbour,Address Harbour Point,Address Harbour Point Tower 1,https://www.bayut.com/
1361,Dubai,Dubai Creek Harbour,Creek Edge,Creek Edge Tower 1,https://www.bayut.com/
1362,Dubai,Dubai Creek Harbour,Creek Edge,Creek Edge Tower 2,https://www.bayut.com/
1363,Dubai,Dubai Creek Harbour,The Cove,The Cove II Building 9,https://www.bayut.com/
1364,Dubai,Dubai Creek Harbour,The Cove,The Cove Building 1,https://www.bayut.com/
1365,Dubai,Dubai Creek Harbour,The Cove,The Cove Building 3,https://www.bayut.com/
1366,Dubai,Dubai Creek Harbour,The Cove,The Cove Building 2,https://www.bayut.com/
1367,Dubai,Dubai Creek Harbour,The Cove,The Cove II Building 10,https://www.bayut.com/
1368,Dubai,Dubai Creek Harbour,Harbour Gate,Harbour Gate Tower 1,https://www.bayut.com/
1369,Dubai,Dubai Creek Harbour,Harbour Gate,Harbour Gate Tower 2,https://www.bayut.com/
1370,Dubai,Dubai Creek Harbour,Harbour Gate,Harbour Gate Podium,https://www.bayut.com/
1371,Dubai,Dubai Creek Harbour,The Cove II,The Cove II Building 4,https://www.bayut.com/
1372,Dubai,Dubai Creek Harbour,The Cove II,The Cove II Building 8,https://www.bayut.com/
1373,Dubai,Dubai Creek Harbour,The Cove II,The Cove II Building 7,https://www.bayut.com/
1374,Dubai,Dubai Creek Harbour,The Cove II,The Cove II Building 5,https://www.bayut.com/
1375,Dubai,Dubai Creek Harbour,The Cove II,The Cove II Building 11,https://www.bayut.com/
1376,Dubai,Dubai Creek Harbour,The Cove II,The Cove II Building 6,https://www.bayut.com/
1377,Dubai,Dubai Creek Harbour,Dubai Creek Residences,Dubai Creek Residence Tower 2 North,https://www.bayut.com/
1378,Dubai,Dubai Creek Harbour,Dubai Creek Residences,Dubai Creek Residence Tower 1 South,https://www.bayut.com/
1379,Dubai,Dubai Creek Harbour,Dubai Creek Residences,Dubai Creek Residence Tower 1 North,https://www.bayut.com/
1380,Dubai,Dubai Creek Harbour,Dubai Creek Residences,Dubai Creek Residence Tower 2 South,https://www.bayut.com/
1381,Dubai,Dubai Creek Harbour,Dubai Creek Residences,The Dubai Creek Residences South Podium,https://www.bayut.com/
1382,Dubai,Dubai Creek Harbour,Dubai Creek Residences,Dubai Creek Residence Tower 3 South,https://www.bayut.com/
1383,Dubai,Dubai Creek Harbour,Dubai Creek Residences,Dubai Creek Residence Tower 3 North,https://www.bayut.com/
1384,Dubai,Dubai Creek Harbour,Dubai Creek Residences,The Dubai Creek Residences North Podium,https://www.bayut.com/
1385,Dubai,Downtown Dubai,Forte,Forte 1,https://uae.dubizzle.com/
1386,Dubai,Downtown Dubai,Forte,Forte 2,https://uae.dubizzle.com/
1387,Dubai,Dubai Creek Harbour,Harbour Views,Harbour Views 2,https://www.bayut.com/
1388,Dubai,Dubai Creek Harbour,Harbour Views,Harbour Views 1,https://www.bayut.com/
1389,Dubai,Dubai Creek Harbour,Harbour Views,Harbour Views Podium,https://www.bayut.com/
1390,Dubai,Dubai Creek Harbour,Creekside 18,Creekside 18 Tower A,https://www.bayut.com/
1391,Dubai,Dubai Creek Harbour,Creekside 18,Creekside 18 Tower B,https://www.bayut.com/
1392,Dubai,Dubai Creek Harbour,Creekside 18,Creekside 18 Podium,https://www.bayut.com/
1393,Dubai,Downtown Dubai,Opera District,Grande,https://uae.dubizzle.com/
1394,Dubai,Downtown Dubai,Opera District,Act One | Act Two Towers,https://uae.dubizzle.com/
1395,Dubai,Dubai Hills Estate,Park Heights,Acacia,https://www.bayut.com/
1396,Dubai,Dubai Hills Estate,Park Heights,Park Heights 2,https://www.bayut.com/
1397,Dubai,Dubai Hills Estate,Park Heights,Mulberry 1,https://www.bayut.com/
1398,Dubai,Dubai Hills Estate,Park Heights,Mulberry 2,https://www.bayut.com/
1399,Dubai,Dubai Hills Estate,Park Heights,Park Heights 1,https://www.bayut.com/
1400,Dubai,Dubai Hills Estate,Park Heights,Palace Residences,https://www.bayut.com/
1401,Dubai,Downtown Dubai,The Address Residences Dubai Opera,The Address Residences Dubai Opera Tower 2,https://uae.dubizzle.com/
1402,Dubai,Downtown Dubai,The Address Residences Dubai Opera,The Address Residences Dubai Opera Tower 1,https://uae.dubizzle.com/
1403,Dubai,Dubai Hills Estate,Maple,Maple 2,https://www.bayut.com/
1404,Dubai,Dubai Hills Estate,Maple,Maple 1,https://www.bayut.com/
1405,Dubai,Dubai Hills Estate,Maple,Maple 3,https://www.bayut.com/
1406,Dubai,Downtown Dubai,St. Regis The Residences,St. Regis The Residences Tower 1,https://uae.dubizzle.com/
1407,Dubai,Downtown Dubai,St. Regis The Residences,St. Regis The Residences Tower 2,https://uae.dubizzle.com/
1408,Dubai,Dubai Hills Estate,Sidra Villas,Sidra 1,https://www.bayut.com/
1409,Dubai,Dubai Hills Estate,Sidra Villas,Sidra 2,https://www.bayut.com/
1410,Dubai,Dubai Hills Estate,Sidra Villas,Sidra 3,https://www.bayut.com/
1411,Dubai,Dubai Hills Estate,Greenside Residence,Greenside Residence Tower A,https://www.bayut.com/
1412,Dubai,Dubai Hills Estate,Greenside Residence,Greenside Residence Tower B,https://www.bayut.com/
1413,Dubai,Dubai Hills Estate,Greenside Residence,Greenside Residence Tower C,https://www.bayut.com/
1414,Dubai,Dubai Hills Estate,Elvira,Tower A,https://www.bayut.com/
1415,Dubai,Dubai Hills Estate,Elvira,Tower B,https://www.bayut.com/
1416,Dubai,Downtown Dubai,Old Town,The Old Town Island,https://uae.dubizzle.com/
1417,Dubai,Downtown Dubai,Old Town,Yansoon,https://uae.dubizzle.com/
1418,Dubai,Downtown Dubai,Old Town,Reehan,https://uae.dubizzle.com/
1419,Dubai,Downtown Dubai,Old Town,Zanzebeel,https://uae.dubizzle.com/
1420,Dubai,Downtown Dubai,Old Town,Miska,https://uae.dubizzle.com/
1421,Dubai,Downtown Dubai,Old Town,Kamoon,https://uae.dubizzle.com/
1422,Dubai,Downtown Dubai,Old Town,Zaafaran,https://uae.dubizzle.com/
1423,Dubai,Dubai Hills Estate,Ellington House,Ellington House 2,https://www.bayut.com/
1424,Dubai,Dubai Hills Estate,Ellington House,Ellington House 4,https://www.bayut.com/
1425,Dubai,Dubai Hills Estate,Ellington House,Ellington House 3,https://www.bayut.com/
1426,Dubai,Dubai Hills Estate,Ellington House,Ellington House 1,https://www.bayut.com/
1427,Dubai,Dubai Hills Estate,Club Drive,Club Drive Tower A,https://www.bayut.com/
1428,Dubai,Dubai Hills Estate,Club Drive,Club Drive Tower B,https://www.bayut.com/
1429,Dubai,Dubai Hills Estate,Golf Place,Golf Place II,https://www.bayut.com/
1430,Dubai,Dubai Hills Estate,Golf Place,Golf Place I,https://www.bayut.com/
1431,Dubai,Dubai Hills Estate,Park Lane,Park Lane Building 1,https://www.bayut.com/
1432,Dubai,Dubai Hills Estate,Park Lane,Park Lane Building 3,https://www.bayut.com/
1433,Dubai,Dubai Hills Estate,Park Lane,Park Lane Building 4,https://www.bayut.com/
1434,Dubai,Dubai Hills Estate,Park Lane,Park Lane Building 2,https://www.bayut.com/
1435,Dubai,Dubai Hills Estate,Park Lane,Park Lane Building 6,https://www.bayut.com/
1436,Dubai,Downtown Dubai,Burj Views,Burj Views A,https://uae.dubizzle.com/
1437,Dubai,Downtown Dubai,Burj Views,Burj Views Podium,https://uae.dubizzle.com/
1438,Dubai,Downtown Dubai,Burj Views,Burj Views C,https://uae.dubizzle.com/
1439,Dubai,Downtown Dubai,Burj Views,Burj Views B,https://uae.dubizzle.com/
1440,Dubai,Dubai Hills Estate,Collective 2.0,Collective 2.0 Tower A,https://www.bayut.com/
1441,Dubai,Dubai Hills Estate,Collective 2.0,Collective 2.0 Tower B,https://www.bayut.com/
1442,Dubai,Downtown Dubai,Address Dubai Mall,The Address Fountain Views 1,https://uae.dubizzle.com/
1443,Dubai,Downtown Dubai,Address Dubai Mall,The Address Fountain Views 2,https://uae.dubizzle.com/
1444,Dubai,Downtown Dubai,Address Dubai Mall,The Address Fountain Views 3,https://uae.dubizzle.com/
1445,Dubai,Downtown Dubai,Address Dubai Mall,The Address Fountain Views Sky Collection 1,https://uae.dubizzle.com/
1446,Dubai,Downtown Dubai,29 Boulevard,29 Boulevard 2,https://uae.dubizzle.com/
1447,Dubai,Downtown Dubai,29 Boulevard,29 Boulevard 1,https://uae.dubizzle.com/
1448,Dubai,Downtown Dubai,29 Boulevard,29 Boulevard Podium,https://uae.dubizzle.com/
1449,Dubai,Downtown Dubai,South Ridge,South Ridge 1,https://uae.dubizzle.com/
1450,Dubai,Downtown Dubai,South Ridge,South Ridge 6,https://uae.dubizzle.com/
1451,Dubai,Downtown Dubai,South Ridge,South Ridge 3,https://uae.dubizzle.com/
1452,Dubai,Downtown Dubai,South Ridge,South Ridge 4,https://uae.dubizzle.com/
1453,Dubai,Downtown Dubai,South Ridge,South Ridge 5,https://uae.dubizzle.com/
1454,Dubai,Downtown Dubai,South Ridge,South Ridge 2,https://uae.dubizzle.com/
1455,Dubai,Downtown Dubai,South Ridge,Podium Villas,https://uae.dubizzle.com/
1456,Dubai,Jumeirah Lake Towers (JLT),JLT Cluster L,Me Do Re,https://www.bayut.com/
1457,Dubai,Jumeirah Lake Towers (JLT),JLT Cluster L,Icon Tower 2,https://www.bayut.com/
1458,Dubai,Jumeirah Lake Towers (JLT),JLT Cluster L,Preatoni Tower,https://www.bayut.com/
1459,Dubai,Downtown Dubai,The Address Residence Sky View,The Address Sky View Tower 1,https://uae.dubizzle.com/
1460,Dubai,Downtown Dubai,The Address Residence Sky View,The Address Sky View Tower 2,https://uae.dubizzle.com/
1461,Dubai,Jumeirah Lake Towers (JLT),JLT Cluster K,MBL Royal,https://www.bayut.com/
1462,Dubai,Jumeirah Lake Towers (JLT),JLT Cluster K,MBL Residences,https://www.bayut.com/
1463,Dubai,Downtown Dubai,BLVD Heights,BLVD Heights Tower 1,https://uae.dubizzle.com/
1464,Dubai,Downtown Dubai,BLVD Heights,BLVD Heights Tower 2,https://uae.dubizzle.com/
1465,Dubai,Downtown Dubai,BLVD Heights,BLVD Heights Podium,https://uae.dubizzle.com/
1466,Dubai,Jumeirah Lake Towers (JLT),Viewz by Danube,Viewz 1 by Danube,https://www.bayut.com/
1467,Dubai,Jumeirah Lake Towers (JLT),Viewz by Danube,Viewz 2 by Danube,https://www.bayut.com/
1468,Dubai,Jumeirah Lake Towers (JLT),Upper House,Upper House East,https://www.bayut.com/
1469,Dubai,Jumeirah Lake Towers (JLT),Upper House,Upper House West,https://www.bayut.com/
1470,Dubai,Downtown Dubai,The Residences,The Residence 8,https://uae.dubizzle.com/
1471,Dubai,Downtown Dubai,The Residences,The Residence 6,https://uae.dubizzle.com/
1472,Dubai,Downtown Dubai,The Residences,The Residence 7,https://uae.dubizzle.com/
1473,Dubai,Downtown Dubai,The Residences,The Residence 1,https://uae.dubizzle.com/
1474,Dubai,Downtown Dubai,Standpoint Towers,Standpoint Tower 2,https://uae.dubizzle.com/
1475,Dubai,Downtown Dubai,Standpoint Towers,Standpoint Tower 1,https://uae.dubizzle.com/
1476,Dubai,Downtown Dubai,Mohammad Bin Rashid Boulevard,8 Boulevard Walk,https://uae.dubizzle.com/
1477,Dubai,Downtown Dubai,Mohammad Bin Rashid Boulevard,118 Downtown,https://uae.dubizzle.com/
1478,Dubai,Jumeirah Lake Towers (JLT),JLT Cluster Q,New Dubai Gate 1,https://www.bayut.com/
1479,Dubai,Jumeirah Lake Towers (JLT),JLT Cluster Q,Saba Tower 2,https://www.bayut.com/
1480,Dubai,Jumeirah Lake Towers (JLT),JLT Cluster Q,Saba Tower 3,https://www.bayut.com/
1481,Dubai,Jumeirah Lake Towers (JLT),JLT Cluster Q,New Dubai Gate,https://www.bayut.com/
1482,Dubai,Jumeirah Lake Towers (JLT),JLT Cluster A,New Dubai Gate 2,https://www.bayut.com/
1483,Dubai,Jumeirah Lake Towers (JLT),JLT Cluster A,Lakeside Residence,https://www.bayut.com/
1484,Dubai,Jumeirah Lake Towers (JLT),JLT Cluster A,Laguna Tower,https://www.bayut.com/
1485,Dubai,Jumeirah Lake Towers (JLT),JLT Cluster A,Laguna Movenpick Tower,https://www.bayut.com/
1486,Dubai,Jumeirah Lake Towers (JLT),JLT Cluster D,Lake Terrace,https://www.bayut.com/
1487,Dubai,Jumeirah Lake Towers (JLT),JLT Cluster D,Lake City Tower,https://www.bayut.com/
1488,Dubai,Jumeirah Lake Towers (JLT),JLT Cluster D,Indigo Tower,https://www.bayut.com/
1489,Dubai,Jumeirah Lake Towers (JLT),JLT Cluster Z,Golf Views Seven City,https://www.bayut.com/
1490,Dubai,Jumeirah Lake Towers (JLT),JLT Cluster V,Goldcrest Views 1,https://www.bayut.com/
1491,Dubai,Jumeirah Lake Towers (JLT),JLT Cluster V,V3 Tower,https://www.bayut.com/
1492,Dubai,Al Furjan,Al Furjan West,Equiti Home,https://www.bayut.com/
1493,Dubai,Al Furjan,Al Furjan West,Tilal Al Furjan,https://www.bayut.com/
1494,Dubai,Al Furjan,Al Furjan West,Murooj Al Furjan West,https://www.bayut.com/
1495,Dubai,Al Furjan,Al Furjan West,Azizi Amber,https://www.bayut.com/
1496,Dubai,Al Furjan,Al Furjan West,The Stellas By Murano,https://www.bayut.com/
1497,Dubai,Al Furjan,Al Furjan West,Dreamz by Danube,https://www.bayut.com/
1498,Dubai,Al Furjan,Al Furjan West,Al Furjan West Pavilion,https://www.bayut.com/
1499,Dubai,Al Furjan,Al Furjan West,The Estate II Townhouses,https://www.bayut.com/
1500,Dubai,Al Furjan,Al Furjan West,Wellington Residence,https://www.bayut.com/
1501,Dubai,Al Furjan,Al Furjan West,HE Villas,https://www.bayut.com/
1502,Dubai,Downtown Dubai,Burj Vista,Burj Vista 1,https://uae.dubizzle.com/
1503,Dubai,Downtown Dubai,Burj Vista,Burj Vista 2,https://uae.dubizzle.com/
1504,Dubai,Downtown Dubai,Boulevard Central,Boulevard Central 1,https://uae.dubizzle.com/
1505,Dubai,Downtown Dubai,Boulevard Central,Boulevard Central 2,https://uae.dubizzle.com/
1506,Dubai,Downtown Dubai,Boulevard Central,Boulevard Central Podium,https://uae.dubizzle.com/
1507,Dubai,Downtown Dubai,The Lofts,The Lofts Podium,https://uae.dubizzle.com/
1508,Dubai,Downtown Dubai,The Lofts,The Lofts West,https://uae.dubizzle.com/
1509,Dubai,Downtown Dubai,The Lofts,The Lofts East,https://uae.dubizzle.com/
1510,Dubai,Downtown Dubai,The Lofts,The Lofts Central Tower,https://uae.dubizzle.com/
1511,Dubai,Downtown Dubai,Claren Towers,Claren Tower 2,https://uae.dubizzle.com/
1512,Dubai,Downtown Dubai,Claren Towers,Claren Tower 1,https://uae.dubizzle.com/
1513,Dubai,Downtown Dubai,Claren Towers,Claren Podium,https://uae.dubizzle.com/
1514,Dubai,Downtown Dubai,Boulevard Crescent Towers,Boulevard Crescent Tower 1,https://uae.dubizzle.com/
1515,Dubai,Downtown Dubai,Boulevard Crescent Towers,Boulevard Crescent Tower 2,https://uae.dubizzle.com/
1516,Dubai,Downtown Dubai,Boulevard Crescent Towers,Boulevard Crescent Podium,https://uae.dubizzle.com/
1517,Dubai,Al Furjan,Quortaj,Phase 1,https://www.bayut.com/
1518,Dubai,Al Furjan,Quortaj,Murano Townhouse,https://www.bayut.com/
1519,Dubai,Mohammed Bin Rashid City,District 11,The Fields,https://www.bayut.com/
1520,Dubai,Mohammed Bin Rashid City,District 11,Opal Gardens,https://www.bayut.com/
1521,Dubai,Mohammed Bin Rashid City,District 11,Starlight Park,https://www.bayut.com/
1522,Dubai,Mohammed Bin Rashid City,District 11,The Spark by Esnaad,https://www.bayut.com/
1523,Dubai,Mohammed Bin Rashid City,District 11,Karl Lagerfeld Villas,https://www.bayut.com/
1524,Dubai,Mohammed Bin Rashid City,District 11,Wadi Villas,https://www.bayut.com/
1525,Dubai,Mohammed Bin Rashid City,District 11,The Sanctuary by Ellington,https://www.bayut.com/
1526,Dubai,Mohammed Bin Rashid City,District 11,Grenland Residence,https://www.bayut.com/
1527,Dubai,Mohammed Bin Rashid City,District 11,Meydan South Villas,https://www.bayut.com/
1528,Dubai,Mohammed Bin Rashid City,District 11,The Woodland Residences,https://www.bayut.com/
1529,Dubai,Mohammed Bin Rashid City,District One,The Residences at District One,https://www.bayut.com/
1530,Dubai,Mohammed Bin Rashid City,District One,District One Villas,https://www.bayut.com/
1531,Dubai,Mohammed Bin Rashid City,District One,Naya at District One,https://www.bayut.com/
1532,Dubai,Mohammed Bin Rashid City,District One,Lagoon Views,https://www.bayut.com/
1533,Dubai,Mohammed Bin Rashid City,District One,District One Mansions,https://www.bayut.com/
1534,Dubai,Mohammed Bin Rashid City,District One,Meydan Sobha,https://www.bayut.com/
1535,Dubai,Mohammed Bin Rashid City,District 7,MAG City,https://www.bayut.com/
1536,Dubai,Mohammed Bin Rashid City,District 7,Keturah Reserve,https://www.bayut.com/
1537,Dubai,Downtown Dubai,Bellevue Towers,Bellevue Tower 1,https://uae.dubizzle.com/
1538,Dubai,Downtown Dubai,Bellevue Towers,Bellevue Tower 2,https://uae.dubizzle.com/
1539,Dubai,Dubai Harbour,Emaar Beachfront,Marina Vista,https://www.bayut.com/
1540,Dubai,Dubai Harbour,Emaar Beachfront,Grand Bleu Towers,https://www.bayut.com/
1541,Dubai,Dubai Harbour,Emaar Beachfront,Palace Beach Residence,https://www.bayut.com/
1542,Dubai,Dubai Harbour,Emaar Beachfront,Seapoint,https://www.bayut.com/
1543,Dubai,Dubai Harbour,Emaar Beachfront,Address The Bay,https://www.bayut.com/
1544,Dubai,Dubai Harbour,Emaar Beachfront,Sunrise Bay,https://www.bayut.com/
1545,Dubai,Dubai Harbour,Emaar Beachfront,Beach Vista,https://www.bayut.com/
1546,Dubai,Dubai Harbour,Emaar Beachfront,Bayview by Address Resort,https://www.bayut.com/
1547,Dubai,Dubai Harbour,Emaar Beachfront,Beach Isle,https://www.bayut.com/
1548,Dubai,Dubai Harbour,Emaar Beachfront,Beach Mansion,https://www.bayut.com/
1549,Dubai,Dubai Harbour,Emaar Beachfront,Beachgate by Address,https://www.bayut.com/
1550,Dubai,Dubai Harbour,Sobha Seahaven,Sobha Seahaven Tower A,https://www.bayut.com/
1551,Dubai,Dubai Harbour,Sobha Seahaven,Sobha Seahaven Tower B,https://www.bayut.com/
1552,Dubai,Dubai Harbour,Sobha Seahaven,Sobha Seahaven Tower C,https://www.bayut.com/
1553,Dubai,Dubai Harbour,DAMAC Bay by Cavalli,DAMAC Bay Tower A,https://www.bayut.com/
1554,Dubai,Dubai Harbour,DAMAC Bay by Cavalli,DAMAC Bay Tower B,https://www.bayut.com/
1555,Dubai,Dubai Harbour,DAMAC Bay by Cavalli,DAMAC Bay Tower C,https://www.bayut.com/
1556,Abu Dhabi,Yas Island,Noya,Noya Viva,https://www.bayut.com/
1557,Abu Dhabi,Yas Island,Noya,Noya Luma,https://www.bayut.com/
1558,Abu Dhabi,Yas Island,Yas Acres,The Magnolias,https://www.bayut.com/
1559,Abu Dhabi,Yas Island,Yas Acres,The Dahlias,https://www.bayut.com/
1560,Abu Dhabi,Yas Island,Yas Acres,Lea,https://www.bayut.com/
1561,Abu Dhabi,Yas Island,Yas Acres,The Cedars,https://www.bayut.com/
1562,Abu Dhabi,Yas Island,Yas Acres,Aspens,https://www.bayut.com/
1563,Abu Dhabi,Yas Island,Yas Acres,Redwoods,https://www.bayut.com/
1564,Abu Dhabi,Yas Island,Yas Golf Collection,Residences C,https://www.bayut.com/
1565,Abu Dhabi,Yas Island,Yas Golf Collection,Residences D,https://www.bayut.com/
1566,Abu Dhabi,Yas Island,Yas Golf Collection,Residences E,https://www.bayut.com/
1567,Abu Dhabi,Yas Island,Yas Golf Collection,Views B,https://www.bayut.com/
1568,Abu Dhabi,Yas Island,Yas Golf Collection,Views A,https://www.bayut.com/
1569,Abu Dhabi,Yas Island,Yas Golf Collection,Views F,https://www.bayut.com/
1570,Abu Dhabi,Yas Island,Yas Golf Collection,Apartments 1,https://www.bayut.com/
1571,Abu Dhabi,Yas Island,Yas Golf Collection,Views G,https://www.bayut.com/
1572,Abu Dhabi,Yas Island,Yas Golf Collection,Apartments 4,https://www.bayut.com/
1573,Abu Dhabi,Yas Island,Yas Golf Collection,Apartments 3,https://www.bayut.com/
1574,Abu Dhabi,Yas Island,Yas Bay,Selina Bay,https://www.bayut.com/
1575,Abu Dhabi,Yas Island,Yas Bay,The Bay Residence,https://www.bayut.com/
1576,Abu Dhabi,Yas Island,Yas Bay,Mayyas at the Bay,https://www.bayut.com/
1577,Abu Dhabi,Yas Island,Yas Bay,Perla 3,https://www.bayut.com/
1578,Abu Dhabi,Yas Island,Yas Bay,Perla 1,https://www.bayut.com/
1579,Abu Dhabi,Yas Island,Yas Bay,Perla 2,https://www.bayut.com/
1580,Abu Dhabi,Yas Island,Ansam,Ansam 1,https://www.bayut.com/
1581,Abu Dhabi,Yas Island,Ansam,Ansam 2,https://www.bayut.com/
1582,Abu Dhabi,Yas Island,Ansam,Ansam 4,https://www.bayut.com/
1583,Abu Dhabi,Yas Island,Ansam,Ansam 3,https://www.bayut.com/
1584,Abu Dhabi,Yas Island,Mayan,Mayan 2,https://www.bayut.com/
1585,Abu Dhabi,Yas Island,Mayan,Mayan 1,https://www.bayut.com/
1586,Abu Dhabi,Yas Island,Mayan,Mayan 3,https://www.bayut.com/
1587,Abu Dhabi,Yas Island,Mayan,Mayan 4,https://www.bayut.com/
1588,Abu Dhabi,Yas Island,Mayan,Mayan 5,https://www.bayut.com/
1589,Abu Dhabi,Al Reem Island,Shams Abu Dhabi,Shams Gate District,https://www.bayut.com/
1590,Abu Dhabi,Al Reem Island,Shams Abu Dhabi,The Bridges,https://www.bayut.com/
1591,Abu Dhabi,Al Reem Island,Shams Abu Dhabi,Reflection,https://www.bayut.com/
1592,Abu Dhabi,Al Reem Island,Shams Abu Dhabi,Beach Towers,https://www.bayut.com/
1593,Abu Dhabi,Al Reem Island,Shams Abu Dhabi,Meera Shams Tower 1,https://www.bayut.com/
1594,Abu Dhabi,Al Reem Island,Shams Abu Dhabi,Reem Nine,https://www.bayut.com/
1595,Abu Dhabi,Al Reem Island,Shams Abu Dhabi,Meera Shams Tower 2,https://www.bayut.com/
1596,Abu Dhabi,Al Reem Island,Shams Abu Dhabi,Oceanscape,https://www.bayut.com/
1597,Abu Dhabi,Al Reem Island,Shams Abu Dhabi,Oasis Residences,https://www.bayut.com/
1598,Abu Dhabi,Al Reem Island,Shams Abu Dhabi,Park View Tower,https://www.bayut.com/
1599,Abu Dhabi,Al Reem Island,Shams Abu Dhabi,Mangrove Place,https://www.bayut.com/
1600,Abu Dhabi,Al Reem Island,Shams Abu Dhabi,Parkside Residence,https://www.bayut.com/
1601,Abu Dhabi,Al Reem Island,Marina Square,Ocean Terrace Residence,https://www.bayut.com/
1602,Abu Dhabi,Al Reem Island,Marina Square,Marina Heights,https://www.bayut.com/
1603,Abu Dhabi,Al Reem Island,Marina Square,Tala Tower,https://www.bayut.com/
1604,Abu Dhabi,Al Reem Island,Marina Square,MAG 5 Residence (B2 Tower),https://www.bayut.com/
1605,Abu Dhabi,Al Reem Island,Marina Square,Burooj Views,https://www.bayut.com/
1606,Abu Dhabi,Al Reem Island,Marina Square,RAK Tower,https://www.bayut.com/
1607,Abu Dhabi,Al Reem Island,Marina Square,Marina Blue Tower,https://www.bayut.com/
1608,Abu Dhabi,Al Reem Island,Marina Square,Al Maha Tower,https://www.bayut.com/
1609,Abu Dhabi,Al Reem Island,Marina Square,Al Durrah Tower,https://www.bayut.com/
1610,Abu Dhabi,Al Reem Island,Marina Square,A3 Towers,https://www.bayut.com/
1611,Abu Dhabi,Al Reem Island,Marina Square,Tamouh Tower,https://www.bayut.com/
1612,Abu Dhabi,Al Reem Island,Marina Square,One Marina Square,https://www.bayut.com/
1613,Abu Dhabi,Al Reem Island,City of Lights,Radiant Square,https://www.bayut.com/
1614,Abu Dhabi,Al Reem Island,City of Lights,Hydra Avenue Towers,https://www.bayut.com/
1615,Abu Dhabi,Al Reem Island,City of Lights,The Boardwalk Residence,https://www.bayut.com/
1616,Abu Dhabi,Al Reem Island,City of Lights,Marina Bay,https://www.bayut.com/
1617,Abu Dhabi,Al Reem Island,City of Lights,Sigma Towers,https://www.bayut.com/
1618,Abu Dhabi,Al Reem Island,City of Lights,Horizon Towers,https://www.bayut.com/
1619,Abu Dhabi,Al Reem Island,City of Lights,C6 Tower,https://www.bayut.com/
1620,Abu Dhabi,Al Reem Island,City of Lights,C4 Tower,https://www.bayut.com/
1621,Abu Dhabi,Al Reem Island,City of Lights,C5 Tower,https://www.bayut.com/
1622,Abu Dhabi,Al Reem Island,Reem Hills,Maskan,https://www.bayut.com/
1623,Abu Dhabi,Al Reem Island,Reem Hills,Makany,https://www.bayut.com/
1624,Abu Dhabi,Al Reem Island,Reem Hills,Majlis,https://www.bayut.com/
1625,Abu Dhabi,Al Reem Island,Reem Hills,Canal Side,https://www.bayut.com/
1626,Abu Dhabi,Al Reem Island,Reem Hills,Manzel,https://www.bayut.com/
1627,Abu Dhabi,Al Reem Island,Reem Hills,Amara,https://www.bayut.com/
1628,Abu Dhabi,Al Reem Island,Reem Hills,Sunset Valley,https://www.bayut.com/
1629,Abu Dhabi,Al Reem Island,Reem Hills,Aman,https://www.bayut.com/
1630,Abu Dhabi,Al Reem Island,Reem Hills,Reem Avenue,https://www.bayut.com/
1631,Abu Dhabi,Al Reem Island,Reem Hills,Sierra Views,https://www.bayut.com/
1632,Abu Dhabi,Al Reem Island,Reem Hills,Canal Promenade,https://www.bayut.com/
1633,Abu Dhabi,Al Reem Island,Makers District,Pixel,https://www.bayut.com/
1634,Dubai,Dubai Marina,Marina Gate,Marina Gate 2,https://uae.dubizzle.com/
1635,Dubai,Dubai Marina,Marina Gate,Marina Gate 1,https://uae.dubizzle.com/
1636,Dubai,Dubai Marina,Marina Gate,Jumeirah Living Marina Gate,https://uae.dubizzle.com/
1637,Abu Dhabi,Al Reem Island,Najmat Abu Dhabi,Marina Bay By DAMAC,https://www.bayut.com/
1638,Abu Dhabi,Al Reem Island,Najmat Abu Dhabi,The Wave,https://www.bayut.com/
1639,Abu Dhabi,Al Reem Island,Marlin,Tower B,https://www.bayut.com/
1640,Abu Dhabi,Al Reem Island,Marlin,Tower A,https://www.bayut.com/
1641,Abu Dhabi,Saadiyat Island,Saadiyat Cultural District,Saadiyat Grove,https://www.bayut.com/
1642,Abu Dhabi,Saadiyat Island,Saadiyat Cultural District,Louvre Abu Dhabi Residences,https://www.bayut.com/
1643,Abu Dhabi,Saadiyat Island,Saadiyat Cultural District,Mamsha Al Saadiyat,https://www.bayut.com/
1644,Abu Dhabi,Saadiyat Island,Saadiyat Cultural District,The Source II,https://www.bayut.com/
1645,Abu Dhabi,Saadiyat Island,Saadiyat Cultural District,The Source,https://www.bayut.com/
1646,Abu Dhabi,Saadiyat Island,Saadiyat Cultural District,Ajwan Towers,https://www.bayut.com/
1647,Abu Dhabi,Saadiyat Island,Saadiyat Cultural District,Nudra,https://www.bayut.com/
1648,Abu Dhabi,Saadiyat Island,Saadiyat Cultural District,The Source Terraces,https://www.bayut.com/
1649,Abu Dhabi,Saadiyat Island,Saadiyat Reserve,The Dunes,https://www.bayut.com/
1650,Abu Dhabi,Saadiyat Island,Soho Square,Soho Square Residences,https://www.bayut.com/
1651,Abu Dhabi,Saadiyat Island,Saadiyat Beach,Saadiyat Beach Villas,https://www.bayut.com/
1652,Abu Dhabi,Saadiyat Island,Saadiyat Beach,Saadiyat Beach Residences,https://www.bayut.com/
1653,Abu Dhabi,Saadiyat Island,Saadiyat Beach,Saadiyat St Regis Residences,https://www.bayut.com/
1654,Abu Dhabi,Saadiyat Island,Saadiyat Beach,saadiyat Beach Golf Views,https://www.bayut.com/
1655,Abu Dhabi,Saadiyat Island,Saadiyat Beach,The Pearl Residences,https://www.bayut.com/
1656,Dubai,Dubai Marina,Marina Promenade,Beauport,https://uae.dubizzle.com/
1657,Dubai,Dubai Marina,Marina Promenade,Aurora,https://uae.dubizzle.com/
1658,Dubai,Dubai Marina,Marina Promenade,Shemara,https://uae.dubizzle.com/
1659,Dubai,Dubai Marina,Marina Promenade,Paloma,https://uae.dubizzle.com/
1660,Dubai,Dubai Marina,Marina Promenade,Attessa,https://uae.dubizzle.com/
1661,Dubai,Dubai Marina,Marina Promenade,Delphine,https://uae.dubizzle.com/
1662,Abu Dhabi,Saadiyat Island,HIDD Al Saadiyat,Qaryat Al HIDD,https://www.bayut.com/
