id,city,area,community,part,source
1,abu dhabi,al reem island,city of lights,radiant square,https://www.bayut.com/
2,abu dhabi,al reem island,city of lights,hydra avenue towers,https://www.bayut.com/
3,abu dhabi,al reem island,city of lights,the boardwalk residence,https://www.bayut.com/
4,abu dhabi,al reem island,city of lights,marina bay,https://www.bayut.com/
5,abu dhabi,al reem island,city of lights,sigma towers,https://www.bayut.com/
6,abu dhabi,al reem island,city of lights,horizon towers,https://www.bayut.com/
7,abu dhabi,al reem island,city of lights,c4 tower,https://www.bayut.com/
8,abu dhabi,al reem island,city of lights,c6 tower,https://www.bayut.com/
9,abu dhabi,al reem island,city of lights,c5 tower,https://www.bayut.com/
10,abu dhabi,al reem island,reem hills,maskan,https://www.bayut.com/
11,abu dhabi,al reem island,reem hills,makany,https://www.bayut.com/
12,abu dhabi,al reem island,reem hills,majlis,https://www.bayut.com/
13,abu dhabi,al reem island,reem hills,canal side,https://www.bayut.com/
14,abu dhabi,al reem island,reem hills,reem avenue,https://www.bayut.com/
15,abu dhabi,al reem island,reem hills,manzel,https://www.bayut.com/
16,abu dhabi,al reem island,reem hills,amara,https://www.bayut.com/
17,abu dhabi,al reem island,reem hills,sunset valley,https://www.bayut.com/
18,abu dhabi,al reem island,reem hills,sierra views,https://www.bayut.com/
19,abu dhabi,al reem island,reem hills,aman,https://www.bayut.com/
20,abu dhabi,al reem island,reem hills,canal promenade,https://www.bayut.com/
21,abu dhabi,yas island,mayan,mayan 2,https://www.bayut.com/
22,abu dhabi,yas island,mayan,mayan 1,https://www.bayut.com/
23,abu dhabi,yas island,mayan,mayan 3,https://www.bayut.com/
24,abu dhabi,yas island,mayan,mayan 4,https://www.bayut.com/
25,abu dhabi,yas island,mayan,mayan 5,https://www.bayut.com/
26,sharjah,muwaileh,al mamsha,raseel,https://www.bayut.com/
27,sharjah,muwaileh,al mamsha,souks residential,https://www.bayut.com/
28,dubai,jumeirah village circle (jvc),jvc district 10,binghatti corner,https://uae.dubizzle.com/
29,dubai,jumeirah village circle (jvc),jvc district 10,squarex residence,https://uae.dubizzle.com/
30,dubai,jumeirah village circle (jvc),jvc district 10,bloom towers,https://uae.dubizzle.com/
31,dubai,jumeirah village circle (jvc),jvc district 10,binghatti heights,https://uae.dubizzle.com/
32,dubai,jumeirah village circle (jvc),jvc district 10,stonehenge residences,https://uae.dubizzle.com/
33,dubai,jumeirah village circle (jvc),jvc district 10,elitz 2 by danube,https://uae.dubizzle.com/
34,dubai,jumeirah village circle (jvc),jvc district 10,the autograph,https://uae.dubizzle.com/
35,dubai,jumeirah village circle (jvc),jvc district 10,la residenza,https://uae.dubizzle.com/
36,dubai,jumeirah village circle (jvc),jvc district 10,luma 22,https://uae.dubizzle.com/
37,dubai,jumeirah village circle (jvc),jvc district 10,binghatti house,https://uae.dubizzle.com/
38,dubai,jumeirah village circle (jvc),jvc district 10,10 oxford,https://uae.dubizzle.com/
39,dubai,jumeirah village circle (jvc),jvc district 10,the manhattan,https://uae.dubizzle.com/
40,dubai,jumeirah village circle (jvc),jvc district 10,la riviera estates,https://uae.dubizzle.com/
41,dubai,jumeirah village circle (jvc),jvc district 10,avanos residence,https://uae.dubizzle.com/
42,dubai,jumeirah village circle (jvc),jvc district 10,riviera chalet,https://uae.dubizzle.com/
43,dubai,jumeirah village circle (jvc),jvc district 10,tuscan residence,https://uae.dubizzle.com/
44,dubai,jumeirah village circle (jvc),jvc district 10,may residence,https://uae.dubizzle.com/
45,dubai,jumeirah village circle (jvc),jvc district 10,binghatti orchid,https://uae.dubizzle.com/
46,dubai,jumeirah village circle (jvc),jvc district 10,oxford 212,https://uae.dubizzle.com/
47,dubai,jumeirah village circle (jvc),jvc district 10,binghatti mirage,https://uae.dubizzle.com/
48,dubai,jumeirah village circle (jvc),jvc district 10,hanover square,https://uae.dubizzle.com/
49,dubai,jumeirah village circle (jvc),jvc district 10,la riviera azure,https://uae.dubizzle.com/
50,dubai,jumeirah village circle (jvc),jvc district 10,le grand chateau,https://uae.dubizzle.com/
51,dubai,jumeirah village circle (jvc),jvc district 10,empire suites,https://uae.dubizzle.com/
52,dubai,jumeirah village circle (jvc),jvc district 10,binghatti lavender,https://uae.dubizzle.com/
53,dubai,jumeirah village circle (jvc),jvc district 10,rigel apartments,https://uae.dubizzle.com/
54,dubai,jumeirah village circle (jvc),jvc district 10,plazzo heights,https://uae.dubizzle.com/
55,dubai,jumeirah village circle (jvc),jvc district 10,gateway by premier choice,https://uae.dubizzle.com/
56,dubai,jumeirah village circle (jvc),jvc district 10,la riviera apartments,https://uae.dubizzle.com/
57,dubai,jumeirah village circle (jvc),jvc district 10,serenity lakes 5,https://uae.dubizzle.com/
58,dubai,jumeirah village circle (jvc),jvc district 10,marwa homes 4,https://uae.dubizzle.com/
59,dubai,jumeirah village circle (jvc),jvc district 10,signature livings,https://uae.dubizzle.com/
60,dubai,jumeirah village circle (jvc),jvc district 10,oxford residence 2,https://uae.dubizzle.com/
61,dubai,jumeirah village circle (jvc),jvc district 10,la perla homes 10,https://uae.dubizzle.com/
62,dubai,jumeirah village circle (jvc),jvc district 10,noora residence,https://uae.dubizzle.com/
63,dubai,jumeirah village circle (jvc),jvc district 10,park villas,https://uae.dubizzle.com/
64,dubai,jumeirah village circle (jvc),jvc district 10,westar les castelets,https://uae.dubizzle.com/
65,dubai,jumeirah village circle (jvc),jvc district 10,haven villas,https://uae.dubizzle.com/
66,dubai,jumeirah village circle (jvc),jvc district 10,somerset mews,https://uae.dubizzle.com/
67,dubai,jumeirah village circle (jvc),jvc district 10,solitaire casa,https://uae.dubizzle.com/
68,dubai,jumeirah village circle (jvc),jvc district 10,the haven residences,https://uae.dubizzle.com/
69,dubai,jumeirah village circle (jvc),jvc district 10,les maisonettes,https://uae.dubizzle.com/
70,dubai,jumeirah village circle (jvc),jvc district 10,goldenwoods villas,https://uae.dubizzle.com/
71,dubai,jumeirah village circle (jvc),jvc district 10,la riviera estate block d,https://uae.dubizzle.com/
72,dubai,jumeirah village circle (jvc),jvc district 10,spica residential,https://uae.dubizzle.com/
73,dubai,jumeirah village circle (jvc),jvc district 10,uniestate prime tower,https://uae.dubizzle.com/
74,sharjah,aljada,nesba,nesba 2,https://www.bayut.com/
75,sharjah,aljada,nesba,nesba 1,https://www.bayut.com/
121,dubai,jumeirah village circle (jvc),jvc district 14,luma park views,https://uae.dubizzle.com/
122,dubai,jumeirah village circle (jvc),jvc district 14,five jumeirah village,https://uae.dubizzle.com/
123,dubai,jumeirah village circle (jvc),jvc district 14,lumina vista residences,https://uae.dubizzle.com/
124,dubai,jumeirah village circle (jvc),jvc district 14,violet tower,https://uae.dubizzle.com/
125,dubai,jumeirah village circle (jvc),jvc district 14,loci residences,https://uae.dubizzle.com/
126,dubai,jumeirah village circle (jvc),jvc district 14,luma21,https://uae.dubizzle.com/
127,dubai,jumeirah village circle (jvc),jvc district 14,emirates gardens 2,https://uae.dubizzle.com/
128,dubai,jumeirah village circle (jvc),jvc district 14,the one at jumeirah village circle,https://uae.dubizzle.com/
129,dubai,jumeirah village circle (jvc),jvc district 14,o2 tower,https://uae.dubizzle.com/
130,dubai,jumeirah village circle (jvc),jvc district 14,eleganz by danube,https://uae.dubizzle.com/
131,dubai,jumeirah village circle (jvc),jvc district 14,park view tower,https://uae.dubizzle.com/
132,dubai,jumeirah village circle (jvc),jvc district 14,belgravia square,https://uae.dubizzle.com/
133,dubai,jumeirah village circle (jvc),jvc district 14,hyati avenue,https://uae.dubizzle.com/
134,dubai,jumeirah village circle (jvc),jvc district 13,melody townhouses,https://uae.dubizzle.com/
135,dubai,jumeirah village circle (jvc),jvc district 13,chaimaa avenue residences,https://uae.dubizzle.com/
136,dubai,jumeirah village circle (jvc),jvc district 13,pearl house by imtiaz,https://uae.dubizzle.com/
137,dubai,jumeirah village circle (jvc),jvc district 13,cappadocia,https://uae.dubizzle.com/
138,dubai,jumeirah village circle (jvc),jvc district 13,orchidea residence,https://uae.dubizzle.com/
139,dubai,jumeirah village circle (jvc),jvc district 13,sobha daffodil,https://uae.dubizzle.com/
140,dubai,jumeirah village circle (jvc),jvc district 13,knightsbridge court,https://uae.dubizzle.com/
141,dubai,jumeirah village circle (jvc),jvc district 13,indigo ville 3,https://uae.dubizzle.com/
142,dubai,jumeirah village circle (jvc),jvc district 13,westar vista,https://uae.dubizzle.com/
143,dubai,jumeirah village circle (jvc),jvc district 13,mulberry mansions,https://uae.dubizzle.com/
144,dubai,jumeirah village circle (jvc),jvc district 13,chaimaa avenue 2,https://uae.dubizzle.com/
145,dubai,jumeirah village circle (jvc),jvc district 13,marwa homes 2,https://uae.dubizzle.com/
146,dubai,jumeirah village circle (jvc),jvc district 13,westar reflections,https://uae.dubizzle.com/
147,dubai,jumeirah village circle (jvc),jvc district 13,dar al jawhara residence,https://uae.dubizzle.com/
148,dubai,jumeirah village circle (jvc),jvc district 13,park corner,https://uae.dubizzle.com/
149,dubai,jumeirah village circle (jvc),jvc district 13,la belle vue,https://uae.dubizzle.com/
150,dubai,jumeirah village circle (jvc),jvc district 13,al waleed building,https://uae.dubizzle.com/
151,dubai,jumeirah village circle (jvc),jvc district 12,v1ter residence,https://www.bayut.com/
152,dubai,jumeirah village circle (jvc),jvc district 12,the orchard place,https://www.bayut.com/
153,dubai,jumeirah village circle (jvc),jvc district 12,lucky oasis residence,https://www.bayut.com/
154,dubai,jumeirah village circle (jvc),jvc district 12,ra1n residence,https://www.bayut.com/
155,dubai,jumeirah village circle (jvc),jvc district 12,maison elysee,https://www.bayut.com/
156,dubai,jumeirah village circle (jvc),jvc district 12,avant garde residences by skyline,https://www.bayut.com/
157,dubai,jumeirah village circle (jvc),jvc district 12,q gardens lofts 2,https://www.bayut.com/
158,dubai,jumeirah village circle (jvc),jvc district 12,binghatti nova,https://www.bayut.com/
159,dubai,jumeirah village circle (jvc),jvc district 12,sapphire 32,https://www.bayut.com/
160,dubai,jumeirah village circle (jvc),jvc district 12,emirates gardens,https://www.bayut.com/
161,dubai,jumeirah village circle (jvc),jvc district 12,binghatti luna,https://www.bayut.com/
162,dubai,jumeirah village circle (jvc),jvc district 12,lilac park,https://www.bayut.com/
163,dubai,jumeirah village circle (jvc),jvc district 13,plaza residences,https://www.bayut.com/
164,dubai,jumeirah village circle (jvc),jvc district 13,binghatti phoenix,https://www.bayut.com/
165,dubai,jumeirah village circle (jvc),jvc district 13,ozone1 residence,https://www.bayut.com/
166,dubai,jumeirah village circle (jvc),jvc district 13,samana manhattan 1,https://www.bayut.com/
167,dubai,jumeirah village circle (jvc),jvc district 13,elitz 3 by danube,https://www.bayut.com/
168,dubai,jumeirah village circle (jvc),jvc district 13,levanto by oro24,https://www.bayut.com/
169,dubai,jumeirah village circle (jvc),jvc district 13,reef residence,https://www.bayut.com/
170,dubai,jumeirah village circle (jvc),jvc district 13,binghatti crest,https://www.bayut.com/
171,dubai,jumeirah village circle (jvc),jvc district 13,q gardens lofts,https://www.bayut.com/
172,dubai,jumeirah village circle (jvc),jvc district 13,samana waves,https://www.bayut.com/
173,dubai,jumeirah village circle (jvc),jvc district 13,avalon tower,https://www.bayut.com/
174,dubai,jumeirah village circle (jvc),jvc district 13,pantheon elysee i,https://www.bayut.com/
175,dubai,jumeirah village circle (jvc),jvc district 11,oakley square residence,https://uae.dubizzle.com/
176,dubai,jumeirah village circle (jvc),jvc district 11,hadley heights,https://uae.dubizzle.com/
177,dubai,jumeirah village circle (jvc),jvc district 11,binghatti amber,https://uae.dubizzle.com/
178,dubai,jumeirah village circle (jvc),jvc district 11,terrazzo residences,https://uae.dubizzle.com/
179,dubai,jumeirah village circle (jvc),jvc district 11,elitz by danube,https://uae.dubizzle.com/
180,dubai,jumeirah village circle (jvc),jvc district 11,oxford terraces,https://uae.dubizzle.com/
181,dubai,jumeirah village circle (jvc),jvc district 11,binghatti tulip,https://uae.dubizzle.com/
182,dubai,jumeirah village circle (jvc),jvc district 11,binghatti gardenia,https://uae.dubizzle.com/
183,dubai,jumeirah village circle (jvc),jvc district 11,maimoon gardens,https://uae.dubizzle.com/
184,dubai,jumeirah village circle (jvc),jvc district 11,crystal residence,https://uae.dubizzle.com/
185,dubai,jumeirah village circle (jvc),jvc district 11,binghatti galaxy,https://uae.dubizzle.com/
186,dubai,jumeirah village circle (jvc),jvc district 11,diamond views iii,https://uae.dubizzle.com/
187,dubai,jumeirah village circle (jvc),jvc district 11,concept 7 residences,https://uae.dubizzle.com/
188,dubai,jumeirah village circle (jvc),jvc district 11,binghatti crescent,https://uae.dubizzle.com/
189,dubai,jumeirah village circle (jvc),jvc district 11,fortunato,https://uae.dubizzle.com/
190,dubai,jumeirah village circle (jvc),jvc district 11,diamond views iv,https://uae.dubizzle.com/
191,dubai,jumeirah village circle (jvc),jvc district 11,city apartments,https://uae.dubizzle.com/
192,dubai,jumeirah village circle (jvc),jvc district 11,astoria residence,https://uae.dubizzle.com/
193,dubai,jumeirah village circle (jvc),jvc district 11,alcove,https://uae.dubizzle.com/
194,dubai,jumeirah village circle (jvc),jvc district 11,casa grande,https://uae.dubizzle.com/
195,dubai,jumeirah village circle (jvc),jvc district 11,pulse smart residence,https://uae.dubizzle.com/
196,dubai,jumeirah village circle (jvc),jvc district 11,g24 tower,https://uae.dubizzle.com/
197,dubai,jumeirah village circle (jvc),jvc district 11,oxford terraces 2,https://uae.dubizzle.com/
198,dubai,jumeirah village circle (jvc),jvc district 11,diamond views ii,https://uae.dubizzle.com/
199,dubai,jumeirah village circle (jvc),jvc district 11,aces chateau,https://uae.dubizzle.com/
200,dubai,jumeirah village circle (jvc),jvc district 11,penta villas,https://uae.dubizzle.com/
201,dubai,jumeirah village circle (jvc),jvc district 11,mirabella,https://uae.dubizzle.com/
202,dubai,jumeirah village circle (jvc),jvc district 11,ag residence,https://uae.dubizzle.com/
203,dubai,jumeirah village circle (jvc),jvc district 11,joya verde residences,https://uae.dubizzle.com/
204,dubai,jumeirah village circle (jvc),jvc district 11,bluebell residence,https://uae.dubizzle.com/
205,dubai,jumeirah village circle (jvc),jvc district 11,rokane g22,https://uae.dubizzle.com/
206,dubai,jumeirah village circle (jvc),jvc district 11,westar constellation villas,https://uae.dubizzle.com/
207,dubai,jumeirah village circle (jvc),jvc district 11,sunset gardens,https://uae.dubizzle.com/
208,dubai,jumeirah village circle (jvc),jvc district 11,comfy villas,https://uae.dubizzle.com/
213,dubai,jumeirah village circle (jvc),jvc district 11,roma residences by jrp,https://www.bayut.com/
219,dubai,jumeirah village circle (jvc),jvc district 11,sky livings by peace homes,https://www.bayut.com/
221,dubai,jumeirah village circle (jvc),jvc district 15,seasons community,https://www.bayut.com/
222,dubai,jumeirah village circle (jvc),jvc district 15,binghatti emerald,https://www.bayut.com/
223,dubai,jumeirah village circle (jvc),jvc district 15,bloom heights,https://www.bayut.com/
224,dubai,jumeirah village circle (jvc),jvc district 15,stonehenge residences 2,https://www.bayut.com/
225,dubai,jumeirah village circle (jvc),jvc district 15,zaya hameni,https://www.bayut.com/
226,dubai,jumeirah village circle (jvc),jvc district 15,binghatti onyx,https://www.bayut.com/
227,dubai,jumeirah village circle (jvc),jvc district 15,beverly residence 2,https://www.bayut.com/
228,dubai,jumeirah village circle (jvc),jvc district 15,one park central,https://www.bayut.com/
229,dubai,jumeirah village circle (jvc),jvc district 15,pantheon elysee iii,https://www.bayut.com/
230,dubai,jumeirah village circle (jvc),jvc district 15,binghatti gate,https://www.bayut.com/
231,dubai,jumeirah village circle (jvc),jvc district 15,north 43,https://www.bayut.com/
232,dubai,jumeirah village circle (jvc),jvc district 15,laya mansion,https://www.bayut.com/
241,dubai,jumeirah village circle (jvc),jvc district 15,marwa heights,https://uae.dubizzle.com/
243,dubai,jumeirah village circle (jvc),jvc district 15,hameni residence,https://uae.dubizzle.com/
245,dubai,jumeirah village circle (jvc),jvc district 15,mulberry park,https://uae.dubizzle.com/
246,dubai,jumeirah village circle (jvc),jvc district 15,belgravia 3,https://uae.dubizzle.com/
247,dubai,jumeirah village circle (jvc),jvc district 15,binghatti rose,https://uae.dubizzle.com/
248,dubai,jumeirah village circle (jvc),jvc district 15,lotus park,https://uae.dubizzle.com/
249,dubai,jumeirah village circle (jvc),jvc district 15,eaton place,https://uae.dubizzle.com/
250,dubai,jumeirah village circle (jvc),jvc district 15,chaimaa premiere,https://uae.dubizzle.com/
251,dubai,jumeirah village circle (jvc),jvc district 15,villa myra,https://uae.dubizzle.com/
252,dubai,jumeirah village circle (jvc),jvc district 15,binghatti jasmine,https://uae.dubizzle.com/
253,dubai,jumeirah village circle (jvc),jvc district 15,oxford boulevard,https://uae.dubizzle.com/
254,dubai,jumeirah village circle (jvc),jvc district 15,artistic villas,https://uae.dubizzle.com/
255,dubai,jumeirah village circle (jvc),jvc district 15,indigo ville 8,https://uae.dubizzle.com/
256,dubai,jumeirah village circle (jvc),jvc district 15,sydney villas,https://uae.dubizzle.com/
257,dubai,jumeirah village circle (jvc),jvc district 15,oxford villas,https://uae.dubizzle.com/
258,dubai,jumeirah village circle (jvc),jvc district 15,valencia park,https://uae.dubizzle.com/
259,dubai,jumeirah village circle (jvc),jvc district 15,casa royale,https://uae.dubizzle.com/
260,dubai,jumeirah village circle (jvc),jvc district 18,cello residences,https://www.bayut.com/
261,dubai,jumeirah village circle (jvc),jvc district 18,damac ghalia,https://www.bayut.com/
262,dubai,jumeirah village circle (jvc),jvc district 18,tower 108,https://www.bayut.com/
263,dubai,jumeirah village circle (jvc),jvc district 18,sydney tower,https://www.bayut.com/
264,dubai,jumeirah village circle (jvc),jvc district 18,westwood grande,https://www.bayut.com/
265,dubai,jumeirah village circle (jvc),jvc district 18,dusit princess rijas,https://www.bayut.com/
266,dubai,jumeirah village circle (jvc),jvc district 18,elegance by chaimaa holding,https://www.bayut.com/
267,dubai,jumeirah village circle (jvc),jvc district 18,emerald tower,https://www.bayut.com/
268,dubai,jumeirah village circle (jvc),jvc district 18,grand heights,https://www.bayut.com/
273,dubai,jumeirah village circle (jvc),jvc district 16,aveline residences,https://uae.dubizzle.com/
274,dubai,jumeirah village circle (jvc),jvc district 16,rise residences,https://uae.dubizzle.com/
275,dubai,jumeirah village circle (jvc),jvc district 16,binghatti azure,https://uae.dubizzle.com/
276,dubai,jumeirah village circle (jvc),jvc district 16,neva residences,https://uae.dubizzle.com/
277,dubai,jumeirah village circle (jvc),jvc district 16,alef noon residence,https://uae.dubizzle.com/
278,dubai,jumeirah village circle (jvc),jvc district 16,district 16j,https://uae.dubizzle.com/
283,dubai,jumeirah village circle (jvc),jvc district 16,the f1fth,https://www.bayut.com/
285,dubai,jumeirah village circle (jvc),jvc district 16,rooya townhouses,https://www.bayut.com/
286,dubai,jumeirah village circle (jvc),jvc district 16,the vybe,https://www.bayut.com/
288,dubai,jumeirah village circle (jvc),jvc district 17,the east crest,https://www.bayut.com/
289,dubai,jumeirah village circle (jvc),jvc district 17,marriott residences jvc,https://www.bayut.com/
290,dubai,jumeirah village circle (jvc),jvc district 17,milano by giovanni boutique suites,https://www.bayut.com/
291,dubai,jumeirah village circle (jvc),jvc district 17,empire residence,https://www.bayut.com/
292,dubai,jumeirah village circle (jvc),jvc district 17,dezire residences,https://www.bayut.com/
293,dubai,jumeirah village circle (jvc),jvc district 17,exotica by al marina,https://www.bayut.com/
294,dubai,jumeirah village circle (jvc),jvc district 17,7 park central,https://www.bayut.com/
295,dubai,jumeirah village circle (jvc),jvc district 17,binghatti phantom,https://www.bayut.com/
296,dubai,jumeirah village circle (jvc),jvc district 17,vita grande,https://www.bayut.com/
297,dubai,jumeirah village circle (jvc),jvc district 17,dune residency,https://www.bayut.com/
298,dubai,jumeirah village circle (jvc),jvc district 17,park boulevard,https://www.bayut.com/
309,dubai,business bay,aykon city,aykon city tower c,https://uae.dubizzle.com/
310,dubai,business bay,aykon city,aykon city tower b,https://uae.dubizzle.com/
311,dubai,business bay,aykon city,safa two by de grisogono,https://uae.dubizzle.com/
312,dubai,business bay,aykon city,aykon city tower a,https://uae.dubizzle.com/
313,dubai,business bay,peninsula,peninsula four the plaza,https://uae.dubizzle.com/
314,dubai,business bay,peninsula,peninsula three,https://uae.dubizzle.com/
315,dubai,business bay,peninsula,peninsula one,https://uae.dubizzle.com/
316,dubai,business bay,peninsula,peninsula two,https://uae.dubizzle.com/
317,dubai,business bay,peninsula,peninsula five,https://uae.dubizzle.com/
318,dubai,business bay,peninsula,peninsula five waterfront duplexes,https://uae.dubizzle.com/
319,dubai,business bay,damac towers by paramount hotels and resorts,tower c,https://uae.dubizzle.com/
320,dubai,business bay,damac towers by paramount hotels and resorts,tower b,https://uae.dubizzle.com/
321,dubai,business bay,damac towers by paramount hotels and resorts,tower a,https://uae.dubizzle.com/
322,dubai,business bay,damac towers by paramount hotels and resorts,tower d,https://uae.dubizzle.com/
323,dubai,business bay,al habtoor city,al habtoor tower,https://uae.dubizzle.com/
324,dubai,business bay,al habtoor city,amna,https://uae.dubizzle.com/
325,dubai,business bay,al habtoor city,noora,https://uae.dubizzle.com/
326,dubai,business bay,damac maison prive,damac maison prive tower a,https://uae.dubizzle.com/
327,dubai,business bay,damac maison prive,damac maison prive tower b,https://uae.dubizzle.com/
328,dubai,business bay,the sterling,the sterling east,https://uae.dubizzle.com/
329,dubai,business bay,the sterling,the sterling west,https://uae.dubizzle.com/
330,dubai,business bay,executive towers,executive tower b (east heights 4),https://uae.dubizzle.com/
331,dubai,business bay,executive towers,executive tower g,https://uae.dubizzle.com/
332,dubai,business bay,executive towers,executive tower m (west heights 1),https://uae.dubizzle.com/
333,dubai,business bay,executive towers,executive tower c,https://uae.dubizzle.com/
334,dubai,business bay,executive towers,executive tower j,https://uae.dubizzle.com/
335,dubai,business bay,executive towers,executive tower k,https://uae.dubizzle.com/
336,dubai,business bay,executive towers,executive tower f,https://uae.dubizzle.com/
337,dubai,business bay,executive towers,executive tower h,https://uae.dubizzle.com/
338,dubai,business bay,executive towers,executive tower l,https://uae.dubizzle.com/
339,dubai,business bay,executive towers,executive tower e,https://uae.dubizzle.com/
340,dubai,business bay,the edge,the edge tower a,https://uae.dubizzle.com/
341,dubai,business bay,the edge,the edge tower b,https://uae.dubizzle.com/
342,dubai,business bay,canal crown,canal crown tower 1,https://uae.dubizzle.com/
343,dubai,business bay,canal crown,canal crown tower 2,https://uae.dubizzle.com/
344,dubai,business bay,bay square,bay square 9,https://uae.dubizzle.com/
345,dubai,business bay,bay square,bay square 2,https://uae.dubizzle.com/
346,dubai,business bay,bay square,bay square 8,https://uae.dubizzle.com/
347,dubai,business bay,bay square,bay square 12,https://uae.dubizzle.com/
348,dubai,business bay,bay square,bay square 6,https://uae.dubizzle.com/
349,dubai,business bay,bay square,bay square 10,https://uae.dubizzle.com/
350,dubai,business bay,bay square,bay square 7,https://uae.dubizzle.com/
351,dubai,business bay,bay square,bay square 11,https://uae.dubizzle.com/
352,dubai,business bay,bay square,bay square 1,https://uae.dubizzle.com/
353,dubai,business bay,bay square,bay square 13,https://uae.dubizzle.com/
354,dubai,business bay,the atria,the atria residences,https://uae.dubizzle.com/
355,dubai,business bay,the atria,millennium atria,https://uae.dubizzle.com/
356,dubai,business bay,15 northside,15 northside tower 2,https://uae.dubizzle.com/
357,dubai,business bay,15 northside,15 northside tower 1,https://uae.dubizzle.com/
358,dubai,business bay,capital bay towers,capital bay tower a,https://uae.dubizzle.com/
359,dubai,business bay,capital bay towers,capital bay tower b,https://uae.dubizzle.com/
360,dubai,business bay,aykon city,damac maison aykon city,https://www.bayut.com/
364,dubai,business bay,aykon city,one b tower,https://www.bayut.com/
371,dubai,business bay,j one,j one tower a,https://uae.dubizzle.com/
372,dubai,business bay,j one,j one tower b,https://uae.dubizzle.com/
376,dubai,business bay,al habtoor city,meera tower,https://www.bayut.com/
394,dubai,business bay,executive towers,plaza boutique,https://www.bayut.com/
396,dubai,downtown dubai,opera district,act one | act two towers,https://www.bayut.com/
397,dubai,downtown dubai,opera district,grande,https://www.bayut.com/
398,dubai,downtown dubai,forte,forte 1,https://www.bayut.com/
399,dubai,downtown dubai,forte,forte 2,https://www.bayut.com/
400,dubai,downtown dubai,st. regis the residences,st. regis the residences tower 1,https://www.bayut.com/
401,dubai,downtown dubai,st. regis the residences,st. regis the residences tower 2,https://www.bayut.com/
402,dubai,downtown dubai,the address residences dubai opera,the address residences dubai opera tower 2,https://www.bayut.com/
403,dubai,downtown dubai,the address residences dubai opera,the address residences dubai opera tower 1,https://www.bayut.com/
404,dubai,downtown dubai,old town,reehan,https://www.bayut.com/
405,dubai,downtown dubai,old town,yansoon,https://www.bayut.com/
406,dubai,downtown dubai,old town,miska,https://www.bayut.com/
407,dubai,downtown dubai,old town,zanzebeel,https://www.bayut.com/
408,dubai,downtown dubai,old town,kamoon,https://www.bayut.com/
409,dubai,downtown dubai,old town,zaafaran,https://www.bayut.com/
410,dubai,downtown dubai,vida dubai mall,vida dubai mall tower 1,https://www.bayut.com/
411,dubai,downtown dubai,vida dubai mall,vida dubai mall tower 2,https://www.bayut.com/
412,dubai,downtown dubai,blvd heights,blvd heights tower 1,https://www.bayut.com/
413,dubai,downtown dubai,blvd heights,blvd heights tower 2,https://www.bayut.com/
414,dubai,downtown dubai,blvd heights,blvd heights podium,https://www.bayut.com/
415,dubai,downtown dubai,burj views,burj views podium,https://www.bayut.com/
416,dubai,downtown dubai,burj views,burj views a,https://www.bayut.com/
417,dubai,downtown dubai,burj views,burj views c,https://www.bayut.com/
418,dubai,downtown dubai,burj views,burj views b,https://www.bayut.com/
419,dubai,dubai marina,marina gate,marina gate 2,https://www.bayut.com/
420,dubai,dubai marina,marina gate,marina gate 1,https://www.bayut.com/
421,dubai,dubai marina,marina gate,jumeirah living marina gate,https://www.bayut.com/
422,dubai,dubai marina,marina promenade,beauport,https://www.bayut.com/
423,dubai,dubai marina,marina promenade,paloma,https://www.bayut.com/
424,dubai,dubai marina,marina promenade,shemara,https://www.bayut.com/
425,dubai,dubai marina,marina promenade,aurora,https://www.bayut.com/
426,dubai,dubai marina,marina promenade,attessa,https://www.bayut.com/
427,dubai,dubai marina,marina promenade,delphine,https://www.bayut.com/
428,dubai,palm jumeirah,the palm beach towers,palm beach tower 3,https://www.bayut.com/
429,dubai,palm jumeirah,the palm beach towers,palm beach tower 1,https://www.bayut.com/
430,dubai,palm jumeirah,the palm beach towers,palm beach tower 2,https://www.bayut.com/
431,dubai,palm jumeirah,the crescent,the royal atlantis resort ,https://www.bayut.com/
432,dubai,palm jumeirah,the crescent,th8,https://www.bayut.com/
433,dubai,palm jumeirah,the crescent,kempinski palm residence,https://www.bayut.com/
434,dubai,palm jumeirah,the crescent,jumeirah zabeel saray,https://www.bayut.com/
435,dubai,palm jumeirah,the crescent,raffles the palm dubai,https://www.bayut.com/
436,dubai,palm jumeirah,the crescent,dream palm residence,https://www.bayut.com/
437,dubai,palm jumeirah,the crescent,muraba residence,https://www.bayut.com/
438,dubai,palm jumeirah,the crescent,one crescent,https://www.bayut.com/
439,dubai,palm jumeirah,the crescent,jumeirah zabeel saray the palm hotel,https://www.bayut.com/
440,dubai,palm jumeirah,shoreline apartments,al hallawi,https://www.bayut.com/
441,dubai,palm jumeirah,shoreline apartments,al msalli,https://www.bayut.com/
442,dubai,palm jumeirah,shoreline apartments,al basri,https://www.bayut.com/
443,dubai,palm jumeirah,shoreline apartments,al khushkar,https://www.bayut.com/
444,dubai,palm jumeirah,shoreline apartments,al haseer,https://www.bayut.com/
445,dubai,palm jumeirah,shoreline apartments,al hamri,https://www.bayut.com/
446,dubai,palm jumeirah,shoreline apartments,al tamr,https://www.bayut.com/
447,dubai,palm jumeirah,shoreline apartments,al shahla,https://www.bayut.com/
448,dubai,palm jumeirah,shoreline apartments,jash hamad,https://www.bayut.com/
449,dubai,palm jumeirah,shoreline apartments,al nabat,https://www.bayut.com/
450,dubai,palm jumeirah,shoreline apartments,al sultana,https://www.bayut.com/
451,dubai,palm jumeirah,shoreline apartments,al dabas,https://www.bayut.com/
452,dubai,palm jumeirah,garden homes palm jumeirah,garden homes frond o,https://www.bayut.com/
453,dubai,palm jumeirah,garden homes palm jumeirah,garden homes frond d,https://www.bayut.com/
454,dubai,palm jumeirah,garden homes palm jumeirah,garden homes frond m,https://www.bayut.com/
455,dubai,palm jumeirah,garden homes palm jumeirah,garden homes frond l,https://www.bayut.com/
456,dubai,palm jumeirah,garden homes palm jumeirah,garden homes frond c,https://www.bayut.com/
457,dubai,palm jumeirah,garden homes palm jumeirah,garden homes frond b,https://www.bayut.com/
458,dubai,palm jumeirah,garden homes palm jumeirah,garden homes frond a,https://www.bayut.com/
459,dubai,palm jumeirah,garden homes palm jumeirah,garden homes frond e,https://www.bayut.com/
460,dubai,palm jumeirah,garden homes palm jumeirah,garden homes frond p,https://www.bayut.com/
461,dubai,palm jumeirah,garden homes palm jumeirah,garden homes frond n,https://www.bayut.com/
462,dubai,palm jumeirah,garden homes palm jumeirah,garden homes frond k,https://www.bayut.com/
463,dubai,palm jumeirah,garden homes palm jumeirah,garden homes frond g,https://www.bayut.com/
464,dubai,palm jumeirah,serenia living,serenia living tower 1,https://www.bayut.com/
465,dubai,palm jumeirah,serenia living,serenia living tower 2,https://www.bayut.com/
466,dubai,palm jumeirah,serenia living,serenia living tower 3,https://www.bayut.com/
467,dubai,palm jumeirah,serenia living,serenia living tower 4,https://www.bayut.com/
468,dubai,palm jumeirah,marina residences,marina residences 6,https://www.bayut.com/
469,dubai,palm jumeirah,marina residences,marina residences 4,https://www.bayut.com/
470,dubai,palm jumeirah,marina residences,marina residences 2,https://www.bayut.com/
471,dubai,palm jumeirah,marina residences,marina residences 1,https://www.bayut.com/
472,dubai,palm jumeirah,marina residences,marina residences 3,https://www.bayut.com/
473,dubai,palm jumeirah,marina residences,marina residences 5,https://www.bayut.com/
474,dubai,palm jumeirah,royal amwaj residences,royal amwaj residences - north,https://www.bayut.com/
475,dubai,palm jumeirah,royal amwaj residences,royal amwaj residences - south,https://www.bayut.com/
476,dubai,palm jumeirah,golden mile,golden mile 1,https://www.bayut.com/
477,dubai,palm jumeirah,golden mile,golden mile 4,https://www.bayut.com/
478,dubai,palm jumeirah,golden mile,golden mile 2,https://www.bayut.com/
479,dubai,palm jumeirah,golden mile,golden mile 7,https://www.bayut.com/
480,dubai,palm jumeirah,golden mile,golden mile 6,https://www.bayut.com/
481,dubai,palm jumeirah,golden mile,golden mile 8,https://www.bayut.com/
482,dubai,palm jumeirah,golden mile,golden mile 5,https://www.bayut.com/
483,dubai,palm jumeirah,golden mile,golden mile 10,https://www.bayut.com/
484,dubai,palm jumeirah,golden mile,golden mile 3,https://www.bayut.com/
485,dubai,palm jumeirah,golden mile,golden mile 9,https://www.bayut.com/
486,dubai,arjan,the central downtown,the central downtown tower d,https://www.bayut.com/
487,dubai,arjan,the central downtown,the central downtown tower c,https://www.bayut.com/
488,dubai,arjan,the central downtown,the central downtown tower a,https://www.bayut.com/
489,dubai,arjan,the central downtown,the central downtown tower b,https://www.bayut.com/
490,dubai,arjan,lincoln park,lincoln park northside,https://www.bayut.com/
491,dubai,arjan,lincoln park,lincoln park b,https://www.bayut.com/
492,dubai,arjan,lincoln park,lincoln park westside,https://www.bayut.com/
493,dubai,arjan,lincoln park,lincoln park sheffield,https://www.bayut.com/
494,dubai,arjan,lincoln park,lincoln park a,https://www.bayut.com/
495,dubai,dubai creek harbour,address harbour point,address harbour point tower 2,https://www.bayut.com/
496,dubai,dubai creek harbour,address harbour point,address harbour point tower 1,https://www.bayut.com/
497,dubai,dubai creek harbour,creek edge,creek edge tower 1,https://www.bayut.com/
498,dubai,dubai creek harbour,creek edge,creek edge tower 2,https://www.bayut.com/
499,dubai,dubai creek harbour,the cove,the cove ii building 9,https://www.bayut.com/
500,dubai,dubai creek harbour,the cove,the cove building 1,https://www.bayut.com/
501,dubai,dubai creek harbour,the cove,the cove building 3,https://www.bayut.com/
502,dubai,dubai creek harbour,the cove,the cove building 2,https://www.bayut.com/
503,dubai,dubai creek harbour,the cove,the cove ii building 10,https://www.bayut.com/
504,dubai,dubai creek harbour,harbour gate,harbour gate tower 1,https://www.bayut.com/
505,dubai,dubai creek harbour,harbour gate,harbour gate tower 2,https://www.bayut.com/
506,dubai,dubai creek harbour,harbour gate,harbour gate podium,https://www.bayut.com/
507,dubai,dubai creek harbour,the cove ii,the cove ii building 4,https://www.bayut.com/
508,dubai,dubai creek harbour,the cove ii,the cove ii building 8,https://www.bayut.com/
509,dubai,dubai creek harbour,the cove ii,the cove ii building 7,https://www.bayut.com/
510,dubai,dubai creek harbour,the cove ii,the cove ii building 5,https://www.bayut.com/
511,dubai,dubai creek harbour,the cove ii,the cove ii building 11,https://www.bayut.com/
512,dubai,dubai creek harbour,the cove ii,the cove ii building 6,https://www.bayut.com/
513,dubai,dubai creek harbour,dubai creek residences,dubai creek residence tower 2 north,https://www.bayut.com/
514,dubai,dubai creek harbour,dubai creek residences,dubai creek residence tower 1 south,https://www.bayut.com/
515,dubai,dubai creek harbour,dubai creek residences,dubai creek residence tower 1 north,https://www.bayut.com/
516,dubai,dubai creek harbour,dubai creek residences,dubai creek residence tower 2 south,https://www.bayut.com/
517,dubai,dubai creek harbour,dubai creek residences,the dubai creek residences south podium,https://www.bayut.com/
518,dubai,dubai creek harbour,dubai creek residences,dubai creek residence tower 3 south,https://www.bayut.com/
519,dubai,dubai creek harbour,dubai creek residences,dubai creek residence tower 3 north,https://www.bayut.com/
520,dubai,dubai creek harbour,dubai creek residences,the dubai creek residences north podium,https://www.bayut.com/
523,dubai,dubai creek harbour,harbour views,harbour views 2,https://www.bayut.com/
524,dubai,dubai creek harbour,harbour views,harbour views 1,https://www.bayut.com/
525,dubai,dubai creek harbour,harbour views,harbour views podium,https://www.bayut.com/
526,dubai,dubai creek harbour,creekside 18,creekside 18 tower a,https://www.bayut.com/
527,dubai,dubai creek harbour,creekside 18,creekside 18 tower b,https://www.bayut.com/
528,dubai,dubai creek harbour,creekside 18,creekside 18 podium,https://www.bayut.com/
531,dubai,dubai hills estate,park heights,acacia,https://www.bayut.com/
532,dubai,dubai hills estate,park heights,park heights 2,https://www.bayut.com/
533,dubai,dubai hills estate,park heights,mulberry 1,https://www.bayut.com/
534,dubai,dubai hills estate,park heights,mulberry 2,https://www.bayut.com/
535,dubai,dubai hills estate,park heights,park heights 1,https://www.bayut.com/
536,dubai,dubai hills estate,park heights,palace residences,https://www.bayut.com/
539,dubai,dubai hills estate,maple,maple 2,https://www.bayut.com/
540,dubai,dubai hills estate,maple,maple 1,https://www.bayut.com/
541,dubai,dubai hills estate,maple,maple 3,https://www.bayut.com/
544,dubai,dubai hills estate,sidra villas,sidra 1,https://www.bayut.com/
545,dubai,dubai hills estate,sidra villas,sidra 2,https://www.bayut.com/
546,dubai,dubai hills estate,sidra villas,sidra 3,https://www.bayut.com/
547,dubai,dubai hills estate,greenside residence,greenside residence tower a,https://www.bayut.com/
548,dubai,dubai hills estate,greenside residence,greenside residence tower b,https://www.bayut.com/
549,dubai,dubai hills estate,greenside residence,greenside residence tower c,https://www.bayut.com/
550,dubai,dubai hills estate,elvira,tower a,https://www.bayut.com/
551,dubai,dubai hills estate,elvira,tower b,https://www.bayut.com/
552,dubai,downtown dubai,old town,the old town island,https://uae.dubizzle.com/
559,dubai,dubai hills estate,ellington house,ellington house 2,https://www.bayut.com/
560,dubai,dubai hills estate,ellington house,ellington house 4,https://www.bayut.com/
561,dubai,dubai hills estate,ellington house,ellington house 3,https://www.bayut.com/
562,dubai,dubai hills estate,ellington house,ellington house 1,https://www.bayut.com/
563,dubai,dubai hills estate,club drive,club drive tower a,https://www.bayut.com/
564,dubai,dubai hills estate,club drive,club drive tower b,https://www.bayut.com/
565,dubai,dubai hills estate,golf place,golf place ii,https://www.bayut.com/
566,dubai,dubai hills estate,golf place,golf place i,https://www.bayut.com/
567,dubai,dubai hills estate,park lane,park lane building 1,https://www.bayut.com/
568,dubai,dubai hills estate,park lane,park lane building 3,https://www.bayut.com/
569,dubai,dubai hills estate,park lane,park lane building 4,https://www.bayut.com/
570,dubai,dubai hills estate,park lane,park lane building 2,https://www.bayut.com/
571,dubai,dubai hills estate,park lane,park lane building 6,https://www.bayut.com/
576,dubai,dubai hills estate,collective 2.0,collective 2.0 tower a,https://www.bayut.com/
577,dubai,dubai hills estate,collective 2.0,collective 2.0 tower b,https://www.bayut.com/
578,dubai,downtown dubai,address dubai mall,the address fountain views 1,https://uae.dubizzle.com/
579,dubai,downtown dubai,address dubai mall,the address fountain views 2,https://uae.dubizzle.com/
580,dubai,downtown dubai,address dubai mall,the address fountain views 3,https://uae.dubizzle.com/
581,dubai,downtown dubai,address dubai mall,the address fountain views sky collection 1,https://uae.dubizzle.com/
582,dubai,downtown dubai,29 boulevard,29 boulevard 2,https://uae.dubizzle.com/
583,dubai,downtown dubai,29 boulevard,29 boulevard 1,https://uae.dubizzle.com/
584,dubai,downtown dubai,29 boulevard,29 boulevard podium,https://uae.dubizzle.com/
585,dubai,downtown dubai,south ridge,south ridge 1,https://uae.dubizzle.com/
586,dubai,downtown dubai,south ridge,south ridge 6,https://uae.dubizzle.com/
587,dubai,downtown dubai,south ridge,south ridge 3,https://uae.dubizzle.com/
588,dubai,downtown dubai,south ridge,south ridge 4,https://uae.dubizzle.com/
589,dubai,downtown dubai,south ridge,south ridge 5,https://uae.dubizzle.com/
590,dubai,downtown dubai,south ridge,south ridge 2,https://uae.dubizzle.com/
591,dubai,downtown dubai,south ridge,podium villas,https://uae.dubizzle.com/
592,dubai,jumeirah lake towers (jlt),jlt cluster l,me do re,https://www.bayut.com/
593,dubai,jumeirah lake towers (jlt),jlt cluster l,icon tower 2,https://www.bayut.com/
594,dubai,jumeirah lake towers (jlt),jlt cluster l,preatoni tower,https://www.bayut.com/
595,dubai,downtown dubai,the address residence sky view,the address sky view tower 1,https://uae.dubizzle.com/
596,dubai,downtown dubai,the address residence sky view,the address sky view tower 2,https://uae.dubizzle.com/
597,dubai,jumeirah lake towers (jlt),jlt cluster k,mbl royal,https://www.bayut.com/
598,dubai,jumeirah lake towers (jlt),jlt cluster k,mbl residences,https://www.bayut.com/
602,dubai,jumeirah lake towers (jlt),viewz by danube,viewz 1 by danube,https://www.bayut.com/
603,dubai,jumeirah lake towers (jlt),viewz by danube,viewz 2 by danube,https://www.bayut.com/
604,dubai,jumeirah lake towers (jlt),upper house,upper house east,https://www.bayut.com/
605,dubai,jumeirah lake towers (jlt),upper house,upper house west,https://www.bayut.com/
606,dubai,downtown dubai,the residences,the residence 8,https://uae.dubizzle.com/
607,dubai,downtown dubai,the residences,the residence 6,https://uae.dubizzle.com/
608,dubai,downtown dubai,the residences,the residence 7,https://uae.dubizzle.com/
609,dubai,downtown dubai,the residences,the residence 1,https://uae.dubizzle.com/
610,dubai,downtown dubai,standpoint towers,standpoint tower 2,https://uae.dubizzle.com/
611,dubai,downtown dubai,standpoint towers,standpoint tower 1,https://uae.dubizzle.com/
612,dubai,downtown dubai,mohammad bin rashid boulevard,8 boulevard walk,https://uae.dubizzle.com/
613,dubai,downtown dubai,mohammad bin rashid boulevard,118 downtown,https://uae.dubizzle.com/
614,dubai,jumeirah lake towers (jlt),jlt cluster q,new dubai gate 1,https://www.bayut.com/
615,dubai,jumeirah lake towers (jlt),jlt cluster q,saba tower 2,https://www.bayut.com/
616,dubai,jumeirah lake towers (jlt),jlt cluster q,saba tower 3,https://www.bayut.com/
617,dubai,jumeirah lake towers (jlt),jlt cluster q,new dubai gate,https://www.bayut.com/
618,dubai,jumeirah lake towers (jlt),jlt cluster a,new dubai gate 2,https://www.bayut.com/
619,dubai,jumeirah lake towers (jlt),jlt cluster a,lakeside residence,https://www.bayut.com/
620,dubai,jumeirah lake towers (jlt),jlt cluster a,laguna tower,https://www.bayut.com/
621,dubai,jumeirah lake towers (jlt),jlt cluster a,laguna movenpick tower,https://www.bayut.com/
622,dubai,jumeirah lake towers (jlt),jlt cluster d,lake terrace,https://www.bayut.com/
623,dubai,jumeirah lake towers (jlt),jlt cluster d,lake city tower,https://www.bayut.com/
624,dubai,jumeirah lake towers (jlt),jlt cluster d,indigo tower,https://www.bayut.com/
625,dubai,jumeirah lake towers (jlt),jlt cluster z,golf views seven city,https://www.bayut.com/
626,dubai,jumeirah lake towers (jlt),jlt cluster v,goldcrest views 1,https://www.bayut.com/
627,dubai,jumeirah lake towers (jlt),jlt cluster v,v3 tower,https://www.bayut.com/
628,dubai,al furjan,al furjan west,equiti home,https://www.bayut.com/
629,dubai,al furjan,al furjan west,tilal al furjan,https://www.bayut.com/
630,dubai,al furjan,al furjan west,murooj al furjan west,https://www.bayut.com/
631,dubai,al furjan,al furjan west,azizi amber,https://www.bayut.com/
632,dubai,al furjan,al furjan west,the stellaâ€™s by murano,https://www.bayut.com/
633,dubai,al furjan,al furjan west,dreamz by danube,https://www.bayut.com/
634,dubai,al furjan,al furjan west,al furjan west pavilion,https://www.bayut.com/
635,dubai,al furjan,al furjan west,the estate ii townhouses,https://www.bayut.com/
636,dubai,al furjan,al furjan west,wellington residence,https://www.bayut.com/
637,dubai,al furjan,al furjan west,he villas,https://www.bayut.com/
638,dubai,downtown dubai,burj vista,burj vista 1,https://uae.dubizzle.com/
639,dubai,downtown dubai,burj vista,burj vista 2,https://uae.dubizzle.com/
640,dubai,downtown dubai,boulevard central,boulevard central 1,https://uae.dubizzle.com/
641,dubai,downtown dubai,boulevard central,boulevard central 2,https://uae.dubizzle.com/
642,dubai,downtown dubai,boulevard central,boulevard central podium,https://uae.dubizzle.com/
643,dubai,downtown dubai,the lofts,the lofts podium,https://uae.dubizzle.com/
644,dubai,downtown dubai,the lofts,the lofts west,https://uae.dubizzle.com/
645,dubai,downtown dubai,the lofts,the lofts east,https://uae.dubizzle.com/
646,dubai,downtown dubai,the lofts,the lofts central tower,https://uae.dubizzle.com/
647,dubai,downtown dubai,claren towers,claren tower 2,https://uae.dubizzle.com/
648,dubai,downtown dubai,claren towers,claren tower 1,https://uae.dubizzle.com/
649,dubai,downtown dubai,claren towers,claren podium,https://uae.dubizzle.com/
650,dubai,downtown dubai,boulevard crescent towers,boulevard crescent tower 1,https://uae.dubizzle.com/
651,dubai,downtown dubai,boulevard crescent towers,boulevard crescent tower 2,https://uae.dubizzle.com/
652,dubai,downtown dubai,boulevard crescent towers,boulevard crescent podium,https://uae.dubizzle.com/
653,dubai,al furjan,quortaj,phase 1,https://www.bayut.com/
654,dubai,al furjan,quortaj,murano townhouse,https://www.bayut.com/
655,dubai,mohammed bin rashid city,district 11,the fields,https://www.bayut.com/
656,dubai,mohammed bin rashid city,district 11,opal gardens,https://www.bayut.com/
657,dubai,mohammed bin rashid city,district 11,starlight park,https://www.bayut.com/
658,dubai,mohammed bin rashid city,district 11,the spark by esnaad,https://www.bayut.com/
659,dubai,mohammed bin rashid city,district 11,karl lagerfeld villas,https://www.bayut.com/
660,dubai,mohammed bin rashid city,district 11,wadi villas,https://www.bayut.com/
661,dubai,mohammed bin rashid city,district 11,the sanctuary by ellington,https://www.bayut.com/
662,dubai,mohammed bin rashid city,district 11,grenland residence,https://www.bayut.com/
663,dubai,mohammed bin rashid city,district 11,meydan south villas,https://www.bayut.com/
664,dubai,mohammed bin rashid city,district 11,the woodland residences,https://www.bayut.com/
665,dubai,mohammed bin rashid city,district one,the residences at district one,https://www.bayut.com/
666,dubai,mohammed bin rashid city,district one,district one villas,https://www.bayut.com/
667,dubai,mohammed bin rashid city,district one,naya at district one,https://www.bayut.com/
668,dubai,mohammed bin rashid city,district one,lagoon views,https://www.bayut.com/
669,dubai,mohammed bin rashid city,district one,district one mansions,https://www.bayut.com/
670,dubai,mohammed bin rashid city,district one,meydan sobha,https://www.bayut.com/
671,dubai,mohammed bin rashid city,district 7,mag city,https://www.bayut.com/
672,dubai,mohammed bin rashid city,district 7,keturah reserve,https://www.bayut.com/
673,dubai,downtown dubai,bellevue towers,bellevue tower 1,https://uae.dubizzle.com/
674,dubai,downtown dubai,bellevue towers,bellevue tower 2,https://uae.dubizzle.com/
675,dubai,dubai harbour,emaar beachfront,marina vista,https://www.bayut.com/
676,dubai,dubai harbour,emaar beachfront,grand bleu towers,https://www.bayut.com/
677,dubai,dubai harbour,emaar beachfront,palace beach residence,https://www.bayut.com/
678,dubai,dubai harbour,emaar beachfront,seapoint,https://www.bayut.com/
679,dubai,dubai harbour,emaar beachfront,address the bay,https://www.bayut.com/
680,dubai,dubai harbour,emaar beachfront,sunrise bay,https://www.bayut.com/
681,dubai,dubai harbour,emaar beachfront,beach vista,https://www.bayut.com/
682,dubai,dubai harbour,emaar beachfront,bayview by address resort,https://www.bayut.com/
683,dubai,dubai harbour,emaar beachfront,beach isle,https://www.bayut.com/
684,dubai,dubai harbour,emaar beachfront,beach mansion,https://www.bayut.com/
685,dubai,dubai harbour,emaar beachfront,beachgate by address,https://www.bayut.com/
686,dubai,dubai harbour,sobha seahaven,sobha seahaven tower a,https://www.bayut.com/
687,dubai,dubai harbour,sobha seahaven,sobha seahaven tower b,https://www.bayut.com/
688,dubai,dubai harbour,sobha seahaven,sobha seahaven tower c,https://www.bayut.com/
689,dubai,dubai harbour,damac bay by cavalli,damac bay tower a,https://www.bayut.com/
690,dubai,dubai harbour,damac bay by cavalli,damac bay tower b,https://www.bayut.com/
691,dubai,dubai harbour,damac bay by cavalli,damac bay tower c,https://www.bayut.com/
692,abu dhabi,yas island,noya,noya viva,https://www.bayut.com/
693,abu dhabi,yas island,noya,noya luma,https://www.bayut.com/
694,abu dhabi,yas island,yas acres,the magnolias,https://www.bayut.com/
695,abu dhabi,yas island,yas acres,the dahlias,https://www.bayut.com/
696,abu dhabi,yas island,yas acres,lea,https://www.bayut.com/
697,abu dhabi,yas island,yas acres,the cedars,https://www.bayut.com/
698,abu dhabi,yas island,yas acres,aspens,https://www.bayut.com/
699,abu dhabi,yas island,yas acres,redwoods,https://www.bayut.com/
700,abu dhabi,yas island,yas golf collection,residences c,https://www.bayut.com/
701,abu dhabi,yas island,yas golf collection,residences d,https://www.bayut.com/
702,abu dhabi,yas island,yas golf collection,residences e,https://www.bayut.com/
703,abu dhabi,yas island,yas golf collection,views b,https://www.bayut.com/
704,abu dhabi,yas island,yas golf collection,views a,https://www.bayut.com/
705,abu dhabi,yas island,yas golf collection,views f,https://www.bayut.com/
706,abu dhabi,yas island,yas golf collection,apartments 1,https://www.bayut.com/
707,abu dhabi,yas island,yas golf collection,views g,https://www.bayut.com/
708,abu dhabi,yas island,yas golf collection,apartments 4,https://www.bayut.com/
709,abu dhabi,yas island,yas golf collection,apartments 3,https://www.bayut.com/
710,abu dhabi,yas island,yas bay,selina bay,https://www.bayut.com/
711,abu dhabi,yas island,yas bay,the bay residence,https://www.bayut.com/
712,abu dhabi,yas island,yas bay,mayyas at the bay,https://www.bayut.com/
713,abu dhabi,yas island,yas bay,perla 3,https://www.bayut.com/
714,abu dhabi,yas island,yas bay,perla 1,https://www.bayut.com/
715,abu dhabi,yas island,yas bay,perla 2,https://www.bayut.com/
716,abu dhabi,yas island,ansam,ansam 1,https://www.bayut.com/
717,abu dhabi,yas island,ansam,ansam 2,https://www.bayut.com/
718,abu dhabi,yas island,ansam,ansam 4,https://www.bayut.com/
719,abu dhabi,yas island,ansam,ansam 3,https://www.bayut.com/
725,abu dhabi,al reem island,shams abu dhabi,shams gate district,https://www.bayut.com/
726,abu dhabi,al reem island,shams abu dhabi,the bridges,https://www.bayut.com/
727,abu dhabi,al reem island,shams abu dhabi,reflection,https://www.bayut.com/
728,abu dhabi,al reem island,shams abu dhabi,beach towers,https://www.bayut.com/
729,abu dhabi,al reem island,shams abu dhabi,meera shams tower 1,https://www.bayut.com/
730,abu dhabi,al reem island,shams abu dhabi,reem nine,https://www.bayut.com/
731,abu dhabi,al reem island,shams abu dhabi,meera shams tower 2,https://www.bayut.com/
732,abu dhabi,al reem island,shams abu dhabi,oceanscape,https://www.bayut.com/
733,abu dhabi,al reem island,shams abu dhabi,oasis residences,https://www.bayut.com/
734,abu dhabi,al reem island,shams abu dhabi,park view tower,https://www.bayut.com/
735,abu dhabi,al reem island,shams abu dhabi,mangrove place,https://www.bayut.com/
736,abu dhabi,al reem island,shams abu dhabi,parkside residence,https://www.bayut.com/
737,abu dhabi,al reem island,marina square,ocean terrace residence,https://www.bayut.com/
738,abu dhabi,al reem island,marina square,marina heights,https://www.bayut.com/
739,abu dhabi,al reem island,marina square,tala tower,https://www.bayut.com/
740,abu dhabi,al reem island,marina square,mag 5 residence (b2 tower),https://www.bayut.com/
741,abu dhabi,al reem island,marina square,burooj views,https://www.bayut.com/
742,abu dhabi,al reem island,marina square,rak tower,https://www.bayut.com/
743,abu dhabi,al reem island,marina square,marina blue tower,https://www.bayut.com/
744,abu dhabi,al reem island,marina square,al maha tower,https://www.bayut.com/
745,abu dhabi,al reem island,marina square,al durrah tower,https://www.bayut.com/
746,abu dhabi,al reem island,marina square,a3 towers,https://www.bayut.com/
747,abu dhabi,al reem island,marina square,tamouh tower,https://www.bayut.com/
748,abu dhabi,al reem island,marina square,one marina square,https://www.bayut.com/
769,abu dhabi,al reem island,makers district,pixel,https://www.bayut.com/
773,abu dhabi,al reem island,najmat abu dhabi,marina bay by damac,https://www.bayut.com/
774,abu dhabi,al reem island,najmat abu dhabi,the wave,https://www.bayut.com/
775,abu dhabi,al reem island,marlin,tower b,https://www.bayut.com/
776,abu dhabi,al reem island,marlin,tower a,https://www.bayut.com/
777,abu dhabi,saadiyat island,saadiyat cultural district,saadiyat grove,https://www.bayut.com/
778,abu dhabi,saadiyat island,saadiyat cultural district,louvre abu dhabi residences,https://www.bayut.com/
779,abu dhabi,saadiyat island,saadiyat cultural district,mamsha al saadiyat,https://www.bayut.com/
780,abu dhabi,saadiyat island,saadiyat cultural district,the source ii,https://www.bayut.com/
781,abu dhabi,saadiyat island,saadiyat cultural district,the source,https://www.bayut.com/
782,abu dhabi,saadiyat island,saadiyat cultural district,ajwan towers,https://www.bayut.com/
783,abu dhabi,saadiyat island,saadiyat cultural district,nudra,https://www.bayut.com/
784,abu dhabi,saadiyat island,saadiyat cultural district,the source terraces,https://www.bayut.com/
785,abu dhabi,saadiyat island,saadiyat reserve,the dunes,https://www.bayut.com/
786,abu dhabi,saadiyat island,soho square,soho square residences,https://www.bayut.com/
787,abu dhabi,saadiyat island,saadiyat beach,saadiyat beach villas,https://www.bayut.com/
788,abu dhabi,saadiyat island,saadiyat beach,saadiyat beach residences,https://www.bayut.com/
789,abu dhabi,saadiyat island,saadiyat beach,saadiyat st regis residences,https://www.bayut.com/
790,abu dhabi,saadiyat island,saadiyat beach,saadiyat beach golf views,https://www.bayut.com/
791,abu dhabi,saadiyat island,saadiyat beach,the pearl residences,https://www.bayut.com/
798,abu dhabi,saadiyat island,hidd al saadiyat,qaryat al hidd,https://www.bayut.com/
799,abu dhabi,al shamkha,al reeman 2,fay al reeman 2,https://www.bayut.com/
800,abu dhabi,al shamkha,al reeman 2,fay al reeman 1,https://www.bayut.com/
801,dubai,dubai marina,5242 towers,5242 tower 1,https://uae.dubizzle.com/
802,dubai,dubai marina,5242 towers,5242 tower 2,https://uae.dubizzle.com/
803,dubai,dubai marina,park island,bonaire tower,https://uae.dubizzle.com/
804,dubai,dubai marina,park island,sanibel tower,https://uae.dubizzle.com/
805,dubai,dubai marina,park island,blakely tower,https://uae.dubizzle.com/
806,dubai,dubai marina,park island,fairfield tower,https://uae.dubizzle.com/
807,abu dhabi,al shamkha,al reeman 1,reeman living,https://www.bayut.com/
808,abu dhabi,al raha beach,al muneera,al nada,https://www.bayut.com/
809,abu dhabi,al raha beach,al muneera,al rahba,https://www.bayut.com/
810,abu dhabi,al raha beach,al muneera,al sana,https://www.bayut.com/
811,abu dhabi,al raha beach,al muneera,al maha,https://www.bayut.com/
812,abu dhabi,al raha beach,al muneera,al muneera townhouses mainland,https://www.bayut.com/
813,abu dhabi,al raha beach,al muneera,al muneera townhouses island,https://www.bayut.com/
814,dubai,dubai marina,silverene,silverene tower b,https://uae.dubizzle.com/
815,dubai,dubai marina,silverene,silverene tower a,https://uae.dubizzle.com/
816,abu dhabi,al raha beach,al bandar,al naseem,https://www.bayut.com/
817,abu dhabi,al raha beach,al bandar,al barza,https://www.bayut.com/
818,abu dhabi,al raha beach,al bandar,al manara,https://www.bayut.com/
819,abu dhabi,al raha beach,al raha lofts,al raha lofts 1,https://www.bayut.com/
820,abu dhabi,al raha beach,al raha lofts,al raha lofts 2,https://www.bayut.com/
821,abu dhabi,al raha beach,al zeina,al zeina building a,https://www.bayut.com/
822,abu dhabi,al raha beach,al zeina,al zeina building c,https://www.bayut.com/
823,abu dhabi,al raha beach,al zeina,al zeina building d,https://www.bayut.com/
824,abu dhabi,al raha beach,al zeina,al zeina building b,https://www.bayut.com/
825,abu dhabi,al raha beach,al zeina,al zeina building f,https://www.bayut.com/
826,abu dhabi,al raha beach,al zeina,al zeina building e,https://www.bayut.com/
827,dubai,dubai marina,dubai marina towers,al murjan tower,https://uae.dubizzle.com/
828,dubai,dubai marina,dubai marina towers,al mesk tower,https://uae.dubizzle.com/
829,dubai,dubai marina,dubai marina towers,al anbar tower,https://uae.dubizzle.com/
830,dubai,dubai marina,dubai marina towers,al yass tower,https://uae.dubizzle.com/
831,dubai,dubai marina,dubai marina towers,al mass tower,https://uae.dubizzle.com/
832,dubai,dubai marina,dubai marina towers,al fairooz tower,https://uae.dubizzle.com/
833,dubai,dubai marina,bay central,bay central west,https://uae.dubizzle.com/
834,dubai,dubai marina,bay central,bay central (central tower),https://uae.dubizzle.com/
835,dubai,dubai marina,bay central,bay central east,https://uae.dubizzle.com/
836,abu dhabi,al reef,al reef villas,arabian style,https://www.bayut.com/
837,abu dhabi,al reef,al reef villas,contemporary style,https://www.bayut.com/
838,abu dhabi,al reef,al reef villas,mediterranean style,https://www.bayut.com/
839,abu dhabi,al reef,al reef villas,desert style,https://www.bayut.com/
840,abu dhabi,al reef,al reef downtown,building 1,https://www.bayut.com/
841,abu dhabi,al reef,al reef downtown,building 37,https://www.bayut.com/
842,abu dhabi,al reef,al reef downtown,building 39,https://www.bayut.com/
843,abu dhabi,al reef,al reef downtown,building 3,https://www.bayut.com/
844,abu dhabi,al reef,al reef downtown,building 22,https://www.bayut.com/
845,abu dhabi,al reef,al reef downtown,building 23,https://www.bayut.com/
846,abu dhabi,al reef,al reef downtown,building 10,https://www.bayut.com/
847,abu dhabi,al reef,al reef downtown,building 13,https://www.bayut.com/
848,abu dhabi,al reef,al reef downtown,building 12,https://www.bayut.com/
849,abu dhabi,al reef,al reef downtown,building 18,https://www.bayut.com/
850,abu dhabi,al reef,al reef downtown,building 35,https://www.bayut.com/
851,abu dhabi,al reef,al reef downtown,building 20,https://www.bayut.com/
852,dubai,dubai marina,dec towers,dec tower 1,https://uae.dubizzle.com/
853,dubai,dubai marina,dec towers,dec tower 2,https://uae.dubizzle.com/
854,dubai,dubai marina,dec towers,dec tower 3,https://uae.dubizzle.com/
855,abu dhabi,masdar city,royal park,cluster f,https://www.bayut.com/
856,abu dhabi,masdar city,oasis residences,oasis residences one,https://www.bayut.com/
857,abu dhabi,masdar city,oasis residences,oasis residences two,https://www.bayut.com/
858,abu dhabi,zayed city,bloom living,granada,https://www.bayut.com/
859,abu dhabi,zayed city,bloom living,casares,https://www.bayut.com/
860,abu dhabi,zayed city,bloom living,seville,https://www.bayut.com/
861,abu dhabi,zayed city,bloom living,cordoba,https://www.bayut.com/
862,abu dhabi,zayed city,bloom living,toledo,https://www.bayut.com/
863,abu dhabi,zayed city,bloom living,olvera,https://www.bayut.com/
864,dubai,dubai marina,marina quays,marina quays west,https://uae.dubizzle.com/
865,dubai,dubai marina,marina quays,marina quays north,https://uae.dubizzle.com/
866,dubai,dubai marina,marina quays,marina quays east,https://uae.dubizzle.com/
867,dubai,dubai marina,marina wharf,marina wharf ii,https://uae.dubizzle.com/
868,dubai,dubai marina,marina wharf,marina wharf i,https://uae.dubizzle.com/
869,dubai,dubai marina,al majara,al majara 1,https://uae.dubizzle.com/
870,dubai,dubai marina,al majara,al majara 2,https://uae.dubizzle.com/
871,dubai,dubai marina,al majara,al majara 5,https://uae.dubizzle.com/
872,dubai,dubai marina,al majara,al majara 3,https://uae.dubizzle.com/
873,dubai,dubai marina,sparkle towers,sparkle tower 2,https://uae.dubizzle.com/
874,dubai,dubai marina,sparkle towers,sparkle tower 1,https://uae.dubizzle.com/
875,dubai,dubai marina,sparkle towers,sparkle tower 3,https://uae.dubizzle.com/
876,dubai,dubai marina,the waves,the waves tower a,https://uae.dubizzle.com/
877,dubai,dubai marina,the waves,the waves tower b,https://uae.dubizzle.com/
878,dubai,dubai marina,al sahab tower,al sahab tower 2,https://uae.dubizzle.com/
879,dubai,dubai marina,al sahab tower,al sahab tower 1,https://uae.dubizzle.com/
880,dubai,dubai marina,marina view tower,marina view tower a,https://uae.dubizzle.com/
881,dubai,dubai marina,marina view tower,marina view tower b,https://uae.dubizzle.com/
882,dubai,dubai marina,trident marinascape,trident marinascape oceanic tower,https://uae.dubizzle.com/
883,dubai,dubai marina,trident marinascape,trident marinascape avant tower,https://uae.dubizzle.com/
884,dubai,dubai marina,trident marinascape,marinascape marina homes,https://uae.dubizzle.com/
885,dubai,dubai marina,marina residence,marina residence b,https://uae.dubizzle.com/
886,dubai,dubai marina,marina residence,marina residence a,https://uae.dubizzle.com/
887,dubai,dubai marina,the jewels,the jewel tower b,https://uae.dubizzle.com/
888,dubai,dubai marina,the jewels,the jewel tower a,https://uae.dubizzle.com/
894,dubai,arjan,torino by oro24,torino by oro24 building 4,https://uae.dubizzle.com/
895,dubai,arjan,torino by oro24,torino by oro24 building 5,https://uae.dubizzle.com/
896,dubai,arjan,torino by oro24,torino by oro24 building 3,https://uae.dubizzle.com/
897,dubai,arjan,torino by oro24,torino by oro24 building 6,https://uae.dubizzle.com/
898,dubai,arjan,resortz by danube,resortz residence block 2,https://uae.dubizzle.com/
899,dubai,arjan,resortz by danube,resortz residence block 3,https://uae.dubizzle.com/
900,dubai,arjan,resortz by danube,resortz residence block 1,https://uae.dubizzle.com/
901,dubai,arjan,the wings,the wings b,https://uae.dubizzle.com/
902,dubai,arjan,the wings,the wings c,https://uae.dubizzle.com/
903,dubai,jumeirah village circle (jvc),jvc district 12,regina tower,https://www.bayut.com/
904,dubai,arjan,green diamond 1,green diamond 1 tower b,https://uae.dubizzle.com/
905,dubai,arjan,green diamond 1,green diamond 1 tower a,https://uae.dubizzle.com/
907,dubai,arjan,vincitore boulevard,vincitore boulevard e,https://uae.dubizzle.com/
908,dubai,arjan,vincitore boulevard,vincitore boulevard f,https://uae.dubizzle.com/
909,dubai,arjan,vincitore boulevard,vincitore boulevard a,https://uae.dubizzle.com/
910,dubai,arjan,vincitore boulevard,vincitore boulevard b,https://uae.dubizzle.com/
913,sharjah,aljada,naseej district,sokoon,https://www.bayut.com/
914,sharjah,aljada,naseej district,tiraz,https://www.bayut.com/
915,sharjah,aljada,naseej district,the boulevard,https://www.bayut.com/
916,ajman,al yasmeen,al ameera village,al ameera village a1,https://www.bayut.com/
917,ajman,al yasmeen,al ameera village,al ameera village a4,https://www.bayut.com/
918,ajman,al yasmeen,al ameera village,al ameera village a2,https://www.bayut.com/
919,ajman,al yasmeen,al ameera village,al ameera village a3,https://www.bayut.com/
923,dubai,jumeirah village circle (jvc),jvc district 18,cello residence,https://uae.dubizzle.com/
924,dubai,downtown dubai,the residences,the residence 3,https://uae.dubizzle.com/
925,dubai,downtown dubai,the residences,the residences villas,https://uae.dubizzle.com/
926,dubai,downtown dubai,the residences,the residence 9,https://uae.dubizzle.com/
927,dubai,downtown dubai,the residences,the residence 5,https://uae.dubizzle.com/
928,dubai,downtown dubai,the residences,the residence 4,https://uae.dubizzle.com/
929,dubai,jumeirah village circle (jvc),jvc district 10,vitality residence,https://www.bayut.com/
933,dubai,jumeirah village circle (jvc),jvc district 14,dms building,https://uae.dubizzle.com/
944,dubai,jumeirah village circle (jvc),jvc district 10,lucky royale residence,https://www.bayut.com/
946,dubai,jumeirah village circle (jvc),jvc district 14,electra,https://www.bayut.com/
948,dubai,jumeirah village circle (jvc),jvc district 14,1wood residence,https://www.bayut.com/
949,dubai,jumeirah village circle (jvc),jvc district 14,helvetia residences,https://www.bayut.com/
950,dubai,jumeirah village circle (jvc),jvc district 14,99 park place,https://www.bayut.com/
958,dubai,jumeirah village circle (jvc),jvc district 14,hamilton house,https://uae.dubizzle.com/
959,dubai,jumeirah village circle (jvc),jvc district 14,shamal residences,https://uae.dubizzle.com/
960,dubai,jumeirah village circle (jvc),jvc district 14,shamal terraces,https://uae.dubizzle.com/
961,dubai,jumeirah village circle (jvc),jvc district 14,aria residence,https://uae.dubizzle.com/
962,dubai,jumeirah village circle (jvc),jvc district 14,luxor by imtiaz,https://uae.dubizzle.com/
963,dubai,jumeirah village circle (jvc),jvc district 14,hyati residences,https://uae.dubizzle.com/
964,dubai,jumeirah village circle (jvc),jvc district 14,aura,https://uae.dubizzle.com/
965,dubai,jumeirah village circle (jvc),jvc district 14,mayas geneva,https://uae.dubizzle.com/
966,dubai,jumeirah village circle (jvc),jvc district 14,living garden ii,https://uae.dubizzle.com/
967,dubai,jumeirah village circle (jvc),jvc district 14,miami by samana,https://uae.dubizzle.com/
968,dubai,jumeirah village circle (jvc),jvc district 14,shamal waves,https://uae.dubizzle.com/
969,dubai,jumeirah village circle (jvc),jvc district 14,golden wood views 5,https://uae.dubizzle.com/
970,dubai,jumeirah village circle (jvc),jvc district 14,marwa homes 3,https://uae.dubizzle.com/
971,dubai,jumeirah village circle (jvc),jvc district 14,sandoval garden,https://uae.dubizzle.com/
972,dubai,jumeirah village circle (jvc),jvc district 14,harrington house,https://uae.dubizzle.com/
973,dubai,jumeirah village circle (jvc),jvc district 14,diamond views i,https://uae.dubizzle.com/
974,dubai,jumeirah village circle (jvc),jvc district 14,living garden,https://uae.dubizzle.com/
975,dubai,jumeirah village circle (jvc),jvc district 14,indigo ville 5,https://uae.dubizzle.com/
976,dubai,jumeirah village circle (jvc),jvc district 14,diamond views,https://uae.dubizzle.com/
977,dubai,jumeirah village circle (jvc),jvc district 14,palace estates,https://uae.dubizzle.com/
978,dubai,jumeirah village circle (jvc),jvc district 14,divine homes,https://uae.dubizzle.com/
990,dubai,jumeirah village circle (jvc),jvc district 12,samana manhattan 2,https://uae.dubizzle.com/
992,dubai,jumeirah village circle (jvc),jvc district 12,al dana tower,https://uae.dubizzle.com/
993,dubai,jumeirah village circle (jvc),jvc district 12,belgravia heights 1,https://uae.dubizzle.com/
994,dubai,jumeirah village circle (jvc),jvc district 12,central park tower,https://uae.dubizzle.com/
995,dubai,jumeirah village circle (jvc),jvc district 12,belgravia heights 2,https://uae.dubizzle.com/
996,dubai,jumeirah village circle (jvc),jvc district 12,nakheel townhouse,https://uae.dubizzle.com/
997,dubai,jumeirah village circle (jvc),jvc district 12,catch residences,https://uae.dubizzle.com/
998,dubai,jumeirah village circle (jvc),jvc district 12,binghatti gems,https://uae.dubizzle.com/
999,dubai,jumeirah village circle (jvc),jvc district 12,pantheon elysee ii,https://uae.dubizzle.com/
1000,dubai,jumeirah village circle (jvc),jvc district 12,the portman,https://uae.dubizzle.com/
1001,dubai,jumeirah village circle (jvc),jvc district 12,pearl house 2,https://uae.dubizzle.com/
1002,dubai,jumeirah village circle (jvc),jvc district 12,the residence by prestige one,https://uae.dubizzle.com/
1003,dubai,jumeirah village circle (jvc),jvc district 12,elysee heights,https://uae.dubizzle.com/
1004,dubai,jumeirah village circle (jvc),jvc district 12,object 1,https://uae.dubizzle.com/
1005,dubai,jumeirah village circle (jvc),jvc district 12,roxana residences,https://uae.dubizzle.com/
1006,dubai,jumeirah village circle (jvc),jvc district 12,la perla homes 12,https://uae.dubizzle.com/
1007,dubai,jumeirah village circle (jvc),jvc district 12,las casas,https://uae.dubizzle.com/
1008,dubai,jumeirah village circle (jvc),jvc district 12,ab cavalier,https://uae.dubizzle.com/
1009,dubai,jumeirah village circle (jvc),jvc district 12,westar azure,https://uae.dubizzle.com/
1010,dubai,jumeirah village circle (jvc),jvc district 12,westar crest,https://uae.dubizzle.com/
1011,dubai,jumeirah village circle (jvc),jvc district 12,le parc homes ii,https://uae.dubizzle.com/
1012,dubai,jumeirah village circle (jvc),jvc district 12,cubix residences,https://uae.dubizzle.com/
1013,dubai,jumeirah village circle (jvc),jvc district 12,joudi residences villa townhouses,https://uae.dubizzle.com/
1014,dubai,jumeirah village circle (jvc),jvc district 12,gardenia residency,https://uae.dubizzle.com/
1015,dubai,jumeirah village circle (jvc),jvc district 12,nicholas residence,https://uae.dubizzle.com/
1016,dubai,jumeirah village circle (jvc),jvc district 12,7 west residence,https://uae.dubizzle.com/
1022,dubai,jumeirah village circle (jvc),jvc district 13,samana waves 2,https://uae.dubizzle.com/
1030,dubai,jumeirah village circle (jvc),jvc district 13,lucky 1 residences,https://uae.dubizzle.com/
1031,dubai,jumeirah village circle (jvc),jvc district 13,beverly residence,https://uae.dubizzle.com/
1032,dubai,jumeirah village circle (jvc),jvc district 13,binghatti venus,https://uae.dubizzle.com/
1033,dubai,jumeirah village circle (jvc),jvc district 13,the square tower,https://uae.dubizzle.com/
1034,dubai,jumeirah village circle (jvc),jvc district 13,botanica,https://uae.dubizzle.com/
1035,ras al khaimah,al marjan island,pacific,pacific bora bora,https://uae.dubizzle.com/
1036,ras al khaimah,al marjan island,pacific,pacific samoa,https://uae.dubizzle.com/
1037,ras al khaimah,al marjan island,pacific,tonga,https://uae.dubizzle.com/
1038,ras al khaimah,al marjan island,pacific,polynesia,https://uae.dubizzle.com/
1039,ras al khaimah,al marjan island,pacific,fiji,https://uae.dubizzle.com/
1040,ras al khaimah,al marjan island,pacific,tahiti,https://uae.dubizzle.com/
1041,ras al khaimah,mina al arab,hayat island,cape hayat,https://uae.dubizzle.com/
1042,ras al khaimah,mina al arab,hayat island,bay residences,https://uae.dubizzle.com/
1043,ras al khaimah,mina al arab,hayat island,marbella,https://uae.dubizzle.com/
1044,ras al khaimah,mina al arab,hayat island,porto playa,https://uae.dubizzle.com/
1045,ras al khaimah,mina al arab,hayat island,gateway ii residences,https://uae.dubizzle.com/
1046,ras al khaimah,mina al arab,hayat island,bayviews,https://uae.dubizzle.com/
1047,ras al khaimah,al hamra village,royal breeze apartment,royal breeze 4,https://uae.dubizzle.com/
1048,ras al khaimah,al hamra village,royal breeze apartment,royal breeze 2,https://uae.dubizzle.com/
1049,ras al khaimah,al hamra village,royal breeze apartment,royal breeze 3,https://uae.dubizzle.com/
1050,ras al khaimah,al hamra village,royal breeze apartment,royal breeze 5,https://uae.dubizzle.com/
1051,ras al khaimah,al hamra village,royal breeze apartment,royal breeze 1,https://uae.dubizzle.com/
1052,ras al khaimah,al hamra village,al hamra village marina apartments,marina apartment c,https://uae.dubizzle.com/
1053,ras al khaimah,al hamra village,al hamra village marina apartments,marina apartment d,https://uae.dubizzle.com/
1054,ras al khaimah,al hamra village,al hamra village marina apartments,marina apartment a,https://uae.dubizzle.com/
1055,ras al khaimah,al hamra village,al hamra village marina apartments,marina apartment e,https://uae.dubizzle.com/
1056,ras al khaimah,al hamra village,al hamra village marina apartments,marina apartment b,https://uae.dubizzle.com/
1061,ras al khaimah,al marjan island,bab al bahr residences,yakout building,https://uae.dubizzle.com/
1062,ras al khaimah,al marjan island,bab al bahr residences,kahraman building,https://uae.dubizzle.com/
1063,ras al khaimah,al marjan island,bab al bahr residences,fayrouz building,https://uae.dubizzle.com/
1064,ras al khaimah,al hamra village,al hamra village marina apartments,marina apartment g,https://uae.dubizzle.com/
1065,ras al khaimah,al hamra village,al hamra village marina apartments,marina apartment f,https://uae.dubizzle.com/
1094,ajman,al rashidiya,al rashidiya 1,gulfa towers,https://uae.dubizzle.com/
1095,ajman,al rashidiya,al rashidiya 1,oasis towers,https://uae.dubizzle.com/
1096,ajman,al rashidiya,al rashidiya 1,ajman tower,https://uae.dubizzle.com/
1115,abu dhabi,al reem island,shams abu dhabi,azure,https://uae.dubizzle.com/
1117,abu dhabi,al reem island,shams abu dhabi,reem five,https://uae.dubizzle.com/
1118,abu dhabi,al reem island,shams abu dhabi,one reem island,https://uae.dubizzle.com/
1120,abu dhabi,al reem island,shams abu dhabi,burj al shams,https://uae.dubizzle.com/
1139,sharjah,aljada,east village,the riff,https://uae.dubizzle.com/
1140,sharjah,aljada,east village,the solo,https://uae.dubizzle.com/
1146,abu dhabi,al reem island,city of lights,marina spirit,https://uae.dubizzle.com/
1150,dubai,jumeirah village circle (jvc),jvc district 13,south residences,https://uae.dubizzle.com/
1153,sharjah,aljada,il teatro residences,il teatro residences 1,https://uae.dubizzle.com/
1154,sharjah,aljada,il teatro residences,il teatro residences 2,https://uae.dubizzle.com/
1155,ajman,emirates city,goldcrest dream towers,goldcrest dreams tower a,https://uae.dubizzle.com/
1156,ajman,emirates city,goldcrest dream towers,goldcrest dreams tower b,https://uae.dubizzle.com/
1157,ajman,emirates city,goldcrest dream towers,goldcrest dreams tower c,https://uae.dubizzle.com/
1158,ajman,emirates city,paradise lakes,paradise lakes b5,https://uae.dubizzle.com/
1159,ajman,emirates city,paradise lakes,paradise lakes b9,https://uae.dubizzle.com/
1160,ajman,emirates city,paradise lakes,paradise lakes b6,https://uae.dubizzle.com/
1163,sharjah,muwaileh,al zahia,uptown al zahia,https://uae.dubizzle.com/
1164,sharjah,muwaileh,al zahia,al lilac,https://uae.dubizzle.com/
1165,sharjah,muwaileh,al zahia,al narjis,https://uae.dubizzle.com/
1166,sharjah,muwaileh,al zahia,al jouri,https://uae.dubizzle.com/
1167,sharjah,tilal city,masaar,sendian villas,https://uae.dubizzle.com/
1168,sharjah,tilal city,masaar,saro,https://uae.dubizzle.com/
1169,sharjah,tilal city,masaar,robinia,https://uae.dubizzle.com/
1170,sharjah,tilal city,masaar,kaya,https://uae.dubizzle.com/
1171,sharjah,tilal city,masaar,azalea,https://uae.dubizzle.com/
1172,sharjah,tilal city,masaar,sequoia,https://uae.dubizzle.com/
1173,sharjah,tilal city,masaar,sarai,https://uae.dubizzle.com/
1180,sharjah,sharjah waterfront city,ajmal makan,blue pearls,https://uae.dubizzle.com/
1181,sharjah,sharjah waterfront city,ajmal makan,sun island,https://uae.dubizzle.com/
1182,sharjah,al khan,maryam island,maryam gate residences,https://uae.dubizzle.com/
1183,sharjah,al khan,maryam island,indigo beach residence,https://uae.dubizzle.com/
1184,sharjah,al khan,maryam island,aysha residences,https://uae.dubizzle.com/
1185,sharjah,al khan,maryam island,crystal residences,https://uae.dubizzle.com/
1186,sharjah,al khan,maryam island,cyan beach residence by eagle hills,https://uae.dubizzle.com/
1187,sharjah,al khan,maryam island,jawaher residence,https://uae.dubizzle.com/
1188,sharjah,al khan,maryam island,sapphire beach residence by eagle hills,https://uae.dubizzle.com/
1189,sharjah,al khan,maryam island,azure beach residence by eagle hills,https://uae.dubizzle.com/
1190,sharjah,al khan,maryam island,rehan residence,https://uae.dubizzle.com/
1191,sharjah,al khan,beach towers,beach tower 1,https://uae.dubizzle.com/
1192,sharjah,al khan,beach towers,beach tower 2,https://uae.dubizzle.com/
1204,ajman,al jurf,al jurf industrial area,al jurf industrial 3,https://uae.dubizzle.com/
1205,ajman,al jurf,al jurf industrial area,al jurf industrial 2,https://uae.dubizzle.com/
1212,abu dhabi,al reef,al reef downtown,tower 1,https://uae.dubizzle.com/
1215,abu dhabi,al reef,al reef downtown,building 44,https://uae.dubizzle.com/
1216,abu dhabi,al reef,al reef downtown,tower 5,https://uae.dubizzle.com/
1217,abu dhabi,al reef,al reef downtown,tower 28,https://uae.dubizzle.com/
1220,sharjah,al majaz,al majaz 3,the blue tower,https://uae.dubizzle.com/
1221,sharjah,al majaz,al majaz 3,al mohanad,https://uae.dubizzle.com/
1222,sharjah,al majaz,al majaz 3,ameer bu khamseen tower,https://uae.dubizzle.com/
1223,sharjah,al majaz,al majaz 3,palm tower 2,https://uae.dubizzle.com/
1224,sharjah,al majaz,al majaz 2,capital tower,https://uae.dubizzle.com/
1225,sharjah,al majaz,al majaz 2,al maha tower,https://uae.dubizzle.com/
1226,sharjah,al nahda (sharjah),sahara towers,sahara tower 6,https://uae.dubizzle.com/
1227,sharjah,al nahda (sharjah),sahara towers,sahara tower 4,https://uae.dubizzle.com/
1228,sharjah,al nahda (sharjah),sahara towers,sahara tower 2,https://uae.dubizzle.com/
1229,sharjah,al nahda (sharjah),sahara towers,sahara tower 1,https://uae.dubizzle.com/
1236,dubai,palm jumeirah,the crescent,taj grandeur residences,https://uae.dubizzle.com/
1246,dubai,palm jumeirah,shoreline apartments,al anbara,https://uae.dubizzle.com/
1249,dubai,palm jumeirah,shoreline apartments,jash falqa,https://uae.dubizzle.com/
1251,dubai,palm jumeirah,shoreline apartments,abu keibal,https://uae.dubizzle.com/
1252,dubai,palm jumeirah,shoreline apartments,al khudrawi,https://uae.dubizzle.com/
1253,dubai,palm jumeirah,shoreline apartments,al sarrood,https://uae.dubizzle.com/
1255,dubai,palm jumeirah,shoreline apartments,al hatimi,https://uae.dubizzle.com/
1289,dubai,palm jumeirah,the fairmont palm residences,the fairmont palm residence north,https://uae.dubizzle.com/
1290,dubai,palm jumeirah,the fairmont palm residences,the fairmont palm residence south,https://uae.dubizzle.com/
1291,dubai,palm jumeirah,oceana,oceana southern,https://uae.dubizzle.com/
1292,dubai,palm jumeirah,oceana,oceana baltic,https://uae.dubizzle.com/
1293,dubai,palm jumeirah,oceana,oceana adriatic,https://uae.dubizzle.com/
1294,dubai,palm jumeirah,oceana,oceana aegean,https://uae.dubizzle.com/
1295,dubai,palm jumeirah,oceana,oceana caribbean,https://uae.dubizzle.com/
1296,dubai,palm jumeirah,oceana,oceana pacific,https://uae.dubizzle.com/
1297,dubai,palm jumeirah,oceana,oceana atlantic,https://uae.dubizzle.com/
1298,dubai,palm jumeirah,tiara residences,tanzanite,https://uae.dubizzle.com/
1299,dubai,palm jumeirah,tiara residences,emerald,https://uae.dubizzle.com/
1300,dubai,palm jumeirah,tiara residences,aquamarine,https://uae.dubizzle.com/
1301,dubai,palm jumeirah,tiara residences,ruby,https://uae.dubizzle.com/
1302,dubai,palm jumeirah,tiara residences,diamond,https://uae.dubizzle.com/
1303,dubai,palm jumeirah,signature villas palm jumeirah,signature villas frond m,https://uae.dubizzle.com/
1304,dubai,palm jumeirah,signature villas palm jumeirah,signature villas frond p,https://uae.dubizzle.com/
1305,dubai,palm jumeirah,signature villas palm jumeirah,signature villas frond c,https://uae.dubizzle.com/
1306,dubai,palm jumeirah,palm views,palm views west,https://uae.dubizzle.com/
1307,dubai,palm jumeirah,palm views,palm views east,https://uae.dubizzle.com/
1308,dubai,palm jumeirah,the grandeur residences,mughal,https://uae.dubizzle.com/
1309,dubai,palm jumeirah,the grandeur residences,maurya,https://uae.dubizzle.com/
1310,dubai,palm jumeirah,w residences,mansion 7,https://uae.dubizzle.com/
1311,dubai,palm jumeirah,w residences,mansion 1,https://uae.dubizzle.com/
1312,dubai,palm jumeirah,w residences,mansion 4,https://uae.dubizzle.com/
1313,dubai,palm jumeirah,w residences,mansion 8,https://uae.dubizzle.com/
1314,dubai,palm jumeirah,w residences,mansion 3,https://uae.dubizzle.com/
1315,dubai,palm jumeirah,canal cove,canal cove frond a,https://uae.dubizzle.com/
1316,dubai,palm jumeirah,canal cove,canal cove frond o,https://uae.dubizzle.com/
1317,dubai,palm jumeirah,canal cove,canal cove frond n,https://uae.dubizzle.com/
1318,dubai,palm jumeirah,canal cove,canal cove frond e,https://uae.dubizzle.com/
1319,dubai,palm jumeirah,canal cove,canal cove frond h,https://uae.dubizzle.com/
1320,dubai,palm jumeirah,serenia residences the palm,serenia residences north wing,https://uae.dubizzle.com/
1321,dubai,palm jumeirah,serenia residences the palm,serenia residences west wing,https://uae.dubizzle.com/
1322,dubai,palm jumeirah,serenia residences the palm,serenia residences east wing,https://uae.dubizzle.com/
1352,dubai,dubai creek harbour,creek horizon,creek horizon tower 2,https://uae.dubizzle.com/
1353,dubai,dubai creek harbour,creek horizon,creek horizon tower 1,https://uae.dubizzle.com/
1354,dubai,dubai creek harbour,creek rise,creek rise 2 tower,https://uae.dubizzle.com/
1355,dubai,dubai creek harbour,creek rise,creek rise 1 tower,https://uae.dubizzle.com/
1356,dubai,dubai creek harbour,creek gate,creek gate tower 1,https://uae.dubizzle.com/
1357,dubai,dubai creek harbour,creek gate,creek gate tower 2,https://uae.dubizzle.com/
1358,dubai,dubai creek harbour,rosewater at creek beach,rosewater at creek beach building 2,https://uae.dubizzle.com/
1359,dubai,dubai creek harbour,rosewater at creek beach,rosewater at creek beach building 3,https://uae.dubizzle.com/
1360,dubai,dubai creek harbour,summer at creek beach,summer 4,https://uae.dubizzle.com/
1361,dubai,dubai creek harbour,summer at creek beach,summer 3,https://uae.dubizzle.com/
1362,dubai,dubai creek harbour,summer at creek beach,summer 2,https://uae.dubizzle.com/
1363,dubai,dubai creek harbour,summer at creek beach,summer 1,https://uae.dubizzle.com/
1364,dubai,dubai creek harbour,island park,island park 2,https://uae.dubizzle.com/
1365,dubai,dubai creek harbour,island park,island park 1,https://uae.dubizzle.com/
1366,dubai,dubai creek harbour,aeon,aeon tower 1,https://uae.dubizzle.com/
1367,dubai,dubai creek harbour,aeon,aeon tower 2,https://uae.dubizzle.com/
1368,dubai,dubai creek harbour,surf at creek beach,surf 2,https://uae.dubizzle.com/
1369,dubai,dubai creek harbour,surf at creek beach,surf 1,https://uae.dubizzle.com/
1370,dubai,dubai creek harbour,breeze at creek beach,breeze 2,https://uae.dubizzle.com/
1371,dubai,dubai creek harbour,breeze at creek beach,breeze 3,https://uae.dubizzle.com/
1372,dubai,dubai creek harbour,bayshore at creek beach,bayshore 4,https://uae.dubizzle.com/
1373,dubai,dubai creek harbour,bayshore at creek beach,bayshore 2,https://uae.dubizzle.com/
1374,dubai,dubai creek harbour,bayshore at creek beach,bayshore 1,https://uae.dubizzle.com/
1375,dubai,dubai creek harbour,cedar at creek beach,cedar at creek beach building 4,https://uae.dubizzle.com/
1376,dubai,dubai creek harbour,cedar at creek beach,cedar at creek beach building 1,https://uae.dubizzle.com/
1377,dubai,dubai creek harbour,cedar at creek beach,cedar at creek beach building 3,https://uae.dubizzle.com/
1378,dubai,dubai creek harbour,cedar at creek beach,cedar at creek beach building 2,https://uae.dubizzle.com/
1379,dubai,dubai creek harbour,sunset at creek beach,sunset 1,https://uae.dubizzle.com/
1380,dubai,dubai creek harbour,sunset at creek beach,sunset 3,https://uae.dubizzle.com/
1401,dubai,jumeirah lake towers (jlt),wind towers,wind tower i,https://uae.dubizzle.com/
1402,dubai,jumeirah lake towers (jlt),wind towers,wind tower ii,https://uae.dubizzle.com/
1403,dubai,jumeirah lake towers (jlt),jlt cluster j,goldcrest views 2,https://uae.dubizzle.com/
1404,dubai,jumeirah lake towers (jlt),jlt cluster j,bonnington tower,https://uae.dubizzle.com/
1405,dubai,jumeirah lake towers (jlt),jlt cluster s,green lakes 1,https://uae.dubizzle.com/
1406,dubai,jumeirah lake towers (jlt),jlt cluster s,green lakes 2,https://uae.dubizzle.com/
1407,dubai,jumeirah lake towers (jlt),jlt cluster s,green lakes 3,https://uae.dubizzle.com/
1408,dubai,jumeirah lake towers (jlt),jlt cluster r,al waleed paradise,https://uae.dubizzle.com/
1409,dubai,jumeirah lake towers (jlt),jlt cluster r,mag 214 tower,https://uae.dubizzle.com/
1410,dubai,jumeirah lake towers (jlt),jlt cluster u,al seef tower 3,https://uae.dubizzle.com/
1411,dubai,jumeirah lake towers (jlt),jlt cluster u,al seef tower 2,https://uae.dubizzle.com/
1412,dubai,jumeirah lake towers (jlt),jlt cluster u,tamweel tower,https://uae.dubizzle.com/
1413,dubai,jumeirah lake towers (jlt),jlt cluster e,global lake view,https://uae.dubizzle.com/
1414,dubai,jumeirah lake towers (jlt),jlt cluster e,al shera tower,https://uae.dubizzle.com/
1415,dubai,jumeirah lake towers (jlt),uptown dubai,uptown tower,https://uae.dubizzle.com/
1416,dubai,jumeirah lake towers (jlt),uptown dubai,mercer house,https://uae.dubizzle.com/
1417,dubai,jumeirah lake towers (jlt),jlt cluster o,madina tower,https://uae.dubizzle.com/
1418,dubai,jumeirah lake towers (jlt),jlt cluster o,o2 residence,https://uae.dubizzle.com/
1419,dubai,jumeirah lake towers (jlt),jlt cluster x (jumeirah bay towers),jumeirah bay x1,https://uae.dubizzle.com/
1420,dubai,jumeirah lake towers (jlt),jlt cluster x (jumeirah bay towers),jumeirah bay x2,https://uae.dubizzle.com/
1421,dubai,jumeirah lake towers (jlt),jlt cluster c,goldcrest executive,https://uae.dubizzle.com/
1422,dubai,jumeirah lake towers (jlt),jlt cluster c,the palladium,https://uae.dubizzle.com/
1447,dubai,dubai hills estate,collective,collective tower 1,https://uae.dubizzle.com/
1448,dubai,dubai hills estate,collective,collective tower 2,https://uae.dubizzle.com/
1451,dubai,dubai hills estate,executive residences,executive residences 2,https://uae.dubizzle.com/
1452,dubai,dubai hills estate,executive residences,executive residences 1,https://uae.dubizzle.com/
1453,dubai,dubai hills estate,socio,socio tower b,https://uae.dubizzle.com/
1454,dubai,dubai hills estate,socio,socio tower a,https://uae.dubizzle.com/
1455,dubai,dubai hills estate,park point,park point building d,https://uae.dubizzle.com/
1456,dubai,dubai hills estate,park point,park point building b,https://uae.dubizzle.com/
1457,dubai,dubai hills estate,park point,park point building c,https://uae.dubizzle.com/
1458,dubai,dubai hills estate,park point,park point building a,https://uae.dubizzle.com/
1459,dubai,dubai hills estate,park field,park field building 2,https://uae.dubizzle.com/
1460,dubai,dubai hills estate,park field,park field building 1,https://uae.dubizzle.com/
1467,dubai,al furjan,nadine residence,nadine residence 2,https://uae.dubizzle.com/
1468,dubai,al furjan,nadine residence,nadine residence 1,https://uae.dubizzle.com/
1469,dubai,al furjan,avenue residence,avenue residence 2,https://uae.dubizzle.com/
1470,dubai,al furjan,avenue residence,avenue residence 1,https://uae.dubizzle.com/
1471,dubai,al furjan,starz by danube,starz by danube tower 1,https://uae.dubizzle.com/
1472,dubai,al furjan,starz by danube,starz by danube tower 2,https://uae.dubizzle.com/
1473,dubai,al furjan,glamz by danube,glamz residence tower 2,https://uae.dubizzle.com/
1474,dubai,al furjan,glamz by danube,glamz residence tower 1,https://uae.dubizzle.com/
1475,dubai,al furjan,masakin al furjan,masakin al furjan block a,https://uae.dubizzle.com/
1476,dubai,al furjan,masakin al furjan,masakin al furjan block f,https://uae.dubizzle.com/
1477,dubai,al furjan,masakin al furjan,masakin al furjan block c,https://uae.dubizzle.com/
1478,dubai,al furjan,masakin al furjan,masakin al furjan block d,https://uae.dubizzle.com/
1479,dubai,al furjan,masakin al furjan,masakin al furjan block b,https://uae.dubizzle.com/
1489,dubai,mohammed bin rashid city,district 11,cassia at the fields,https://uae.dubizzle.com/
1494,dubai,mohammed bin rashid city,district one,the residences,https://uae.dubizzle.com/
1497,dubai,mohammed bin rashid city,district 7,mag park,https://uae.dubizzle.com/
1498,dubai,jumeirah village triangle (jvt),jvt district 3,bali residences,https://uae.dubizzle.com/
1499,dubai,jumeirah village triangle (jvt),jvt district 3,red square,https://uae.dubizzle.com/
1500,dubai,jumeirah village triangle (jvt),jvt district 3,sonate residences,https://uae.dubizzle.com/
1501,dubai,jumeirah village triangle (jvt),jvt district 3,the community,https://uae.dubizzle.com/
1502,dubai,jumeirah village triangle (jvt),jvt district 3,terhab hotel and towers,https://uae.dubizzle.com/
1503,dubai,jumeirah village triangle (jvt),jvt district 3,pacific edmonton,https://uae.dubizzle.com/
1504,dubai,jumeirah village triangle (jvt),jvt district 3,cavendish square,https://uae.dubizzle.com/
1505,dubai,jumeirah village triangle (jvt),jvt district 3,district 3b,https://uae.dubizzle.com/
1506,dubai,jumeirah village triangle (jvt),jvt district 3,golden wood views,https://uae.dubizzle.com/
1507,dubai,jumeirah village triangle (jvt),jvt district 7,volga tower,https://uae.dubizzle.com/
1508,dubai,jumeirah village triangle (jvt),jvt district 7,tranquil wellness tower,https://uae.dubizzle.com/
1509,dubai,jumeirah village triangle (jvt),jvt district 7,the one,https://uae.dubizzle.com/
1510,dubai,jumeirah village triangle (jvt),jvt district 7,zazen one,https://uae.dubizzle.com/
1511,dubai,jumeirah village triangle (jvt),jvt district 7,district 7b,https://uae.dubizzle.com/
1512,dubai,jumeirah village triangle (jvt),jvt district 4,fashionz by danube,https://uae.dubizzle.com/
1513,dubai,jumeirah village triangle (jvt),jvt district 4,seslia tower,https://uae.dubizzle.com/
1514,dubai,jumeirah village triangle (jvt),jvt district 4,al manara tower,https://uae.dubizzle.com/
1515,dubai,jumeirah village triangle (jvt),jvt district 4,belmont residences,https://uae.dubizzle.com/
1516,dubai,jumeirah village triangle (jvt),jvt district 4,miami 2 by samana,https://uae.dubizzle.com/
1517,dubai,jumeirah village triangle (jvt),jvt district 4,elbrus tower,https://uae.dubizzle.com/
1518,dubai,jumeirah village triangle (jvt),jvt district 4,green park,https://uae.dubizzle.com/
1519,dubai,jumeirah village triangle (jvt),jvt district 4,district 4b,https://uae.dubizzle.com/
1520,dubai,jumeirah village triangle (jvt),jvt district 4,district 4e,https://uae.dubizzle.com/
1521,dubai,jumeirah village triangle (jvt),jvt district 2,al jawhara residences,https://uae.dubizzle.com/
1522,dubai,jumeirah village triangle (jvt),jvt district 2,lilium tower,https://uae.dubizzle.com/
1523,dubai,jumeirah village triangle (jvt),jvt district 2,cloud tower,https://uae.dubizzle.com/
1524,dubai,jumeirah village triangle (jvt),jvt district 2,rosemont residences,https://uae.dubizzle.com/
1525,dubai,jumeirah village triangle (jvt),jvt district 2,district 2g,https://uae.dubizzle.com/
1526,dubai,jumeirah village triangle (jvt),jvt district 2,district 2f,https://uae.dubizzle.com/
1527,dubai,jumeirah village triangle (jvt),jvt district 1,555 park views,https://uae.dubizzle.com/
1528,dubai,jumeirah village triangle (jvt),jvt district 1,la residence,https://uae.dubizzle.com/
1529,dubai,jumeirah village triangle (jvt),jvt district 1,maya 5,https://uae.dubizzle.com/
1530,dubai,jumeirah village triangle (jvt),jvt district 1,altai tower,https://uae.dubizzle.com/
1531,dubai,jumeirah village triangle (jvt),jvt district 1,district 1a,https://uae.dubizzle.com/
1532,dubai,jumeirah village triangle (jvt),jvt district 1,emerald vision tower,https://uae.dubizzle.com/
1533,dubai,jumeirah village triangle (jvt),jvt district 1,district 1b,https://uae.dubizzle.com/
1534,dubai,jumeirah village triangle (jvt),jvt district 1,district 1c,https://uae.dubizzle.com/
1535,dubai,jumeirah village triangle (jvt),jvt district 5,the imperial residence,https://uae.dubizzle.com/
1536,dubai,jumeirah village triangle (jvt),jvt district 5,taraf 2 residence,https://uae.dubizzle.com/
1537,dubai,jumeirah village triangle (jvt),jvt district 5,district 5f,https://uae.dubizzle.com/
1538,dubai,jumeirah village triangle (jvt),jvt district 9,district 9k,https://uae.dubizzle.com/
1539,dubai,jumeirah village triangle (jvt),jvt district 9,district 9l,https://uae.dubizzle.com/
1540,dubai,jumeirah village triangle (jvt),jvt district 9,district 9f,https://uae.dubizzle.com/
1541,dubai,jumeirah village triangle (jvt),jvt district 9,district 9g,https://uae.dubizzle.com/
1542,dubai,jumeirah village triangle (jvt),jvt district 9,district 9a,https://uae.dubizzle.com/
1543,dubai,jumeirah village triangle (jvt),jvt district 9,district 9j,https://uae.dubizzle.com/
1544,dubai,jumeirah village triangle (jvt),jvt district 8,district 8n,https://uae.dubizzle.com/
1545,dubai,jumeirah village triangle (jvt),jvt district 8,district 8o,https://uae.dubizzle.com/
1546,dubai,jumeirah village triangle (jvt),jvt district 8,district 8j,https://uae.dubizzle.com/
1547,dubai,jumeirah village triangle (jvt),jvt district 8,district 8v,https://uae.dubizzle.com/
1565,dubai,sobha hartland,the crest,the crest tower b,https://uae.dubizzle.com/
1566,dubai,sobha hartland,the crest,the crest tower c,https://uae.dubizzle.com/
1567,dubai,sobha hartland,the crest,the crest tower a,https://uae.dubizzle.com/
1568,dubai,sobha hartland,the crest,the crest tower d,https://uae.dubizzle.com/
1569,dubai,sobha hartland,sobha creek vistas heights,sobha creek vistas heights tower a,https://uae.dubizzle.com/
1570,dubai,sobha hartland,sobha creek vistas heights,sobha creek vistas heights tower b,https://uae.dubizzle.com/
1571,dubai,sobha hartland,sobha creek vistas,sobha creek vistas tower a,https://uae.dubizzle.com/
1572,dubai,sobha hartland,sobha creek vistas,sobha creek vistas tower b,https://uae.dubizzle.com/
1573,dubai,sobha hartland,hartland greens,building 1,https://uae.dubizzle.com/
1574,dubai,sobha hartland,hartland greens,building 2,https://uae.dubizzle.com/
1575,dubai,sobha hartland,hartland greens,building 6,https://uae.dubizzle.com/
1576,dubai,sobha hartland,hartland greens,building 3,https://uae.dubizzle.com/
1577,dubai,sobha hartland,hartland greens,building 4,https://uae.dubizzle.com/
1578,dubai,sobha hartland,hartland greens,building 5,https://uae.dubizzle.com/
1579,dubai,sobha hartland,sobha creek vistas reserve,sobha creek vistas reserve tower b,https://uae.dubizzle.com/
1580,dubai,sobha hartland,sobha creek vistas reserve,sobha creek vistas reserve tower a,https://uae.dubizzle.com/
1581,dubai,sobha hartland,kensington waters,kensington waters tower a,https://uae.dubizzle.com/
1582,dubai,sobha hartland,kensington waters,kensington waters tower b,https://uae.dubizzle.com/
1583,dubai,sobha hartland,wilton park residences,wilton park residences ii,https://uae.dubizzle.com/
1584,dubai,sobha hartland,wilton park residences,wilton park residences i,https://uae.dubizzle.com/
1585,dubai,sobha hartland,the terraces,the terraces north,https://uae.dubizzle.com/
1586,dubai,sobha hartland,the terraces,the terraces south,https://uae.dubizzle.com/
1587,dubai,damac lagoons,lagoon views,lagoon views 2 tower a,https://uae.dubizzle.com/
1588,dubai,damac lagoons,lagoon views,lagoon views 2 tower c,https://uae.dubizzle.com/
1589,dubai,damac lagoons,lagoon views,lagoon views 2 tower b,https://uae.dubizzle.com/
1590,dubai,damac lagoons,lagoon views,lagoon views 1 tower a,https://uae.dubizzle.com/
1591,dubai,damac lagoons,lagoon views,lagoon views 1 tower b,https://uae.dubizzle.com/
1598,sharjah,aljada,nasaq,nasaq 1,https://www.bayut.com/
1599,sharjah,aljada,nasaq,nasaq 6,https://www.bayut.com/
1600,sharjah,aljada,nasaq,nasaq 4,https://www.bayut.com/
1601,sharjah,aljada,nasaq,nasaq 3,https://www.bayut.com/
1602,sharjah,aljada,misk apartments,misk 4,https://www.bayut.com/
1603,sharjah,aljada,misk apartments,misk 1,https://www.bayut.com/
1604,sharjah,aljada,misk apartments,misk 2,https://www.bayut.com/
1608,sharjah,aljada,east village,the link 1,https://www.bayut.com/
1611,ajman,al rashidiya,al rashidiya 3,ajman one towers,https://www.bayut.com/
1612,ajman,al rashidiya,al rashidiya 3,ajman one phase 2,https://www.bayut.com/
1619,ajman,al rashidiya,al rashidiya 2,falcon towers,https://www.bayut.com/
1623,ras al khaimah,mina al arab,hayat island,marbella villas,https://www.bayut.com/
1628,ras al khaimah,mina al arab,hayat island,nasim lofts,https://www.bayut.com/
1629,ras al khaimah,mina al arab,quattro del mar,quattro del mar building 4,https://www.bayut.com/
1630,ras al khaimah,mina al arab,quattro del mar,quattro del mar building 2,https://www.bayut.com/
1631,ras al khaimah,mina al arab,quattro del mar,quattro del mar building 1,https://www.bayut.com/
1633,sharjah,muwaileh,al zahia,al zahia garden apartments,https://www.bayut.com/
1644,ajman,al nuaimiya,al nuaimiya 3,city tower,https://www.bayut.com/
1645,ajman,al nuaimiya,al nuaimiya 1,nuaimia one tower,https://www.bayut.com/
1648,sharjah,barashi,hayyan,arim,https://www.bayut.com/
1654,sharjah,al rahmaniya,shaghrafa 1,sharjah sustainable city,https://www.bayut.com/
1667,ajman,emirates city,lake view tower,lake view tower 2,https://www.bayut.com/
1668,ajman,al zorah,district 9,the strip,https://www.bayut.com/
1670,sharjah,al khan,maryam island,topaz residences,https://www.bayut.com/
1679,ajman,al zorah,the fairways,golf villas,https://www.bayut.com/
1680,ajman,al zorah,the shores,seaside hills residence,https://www.bayut.com/
1681,ajman,al zorah,beach village,beach hills villas,https://www.bayut.com/
1684,abu dhabi,al reef,al reef downtown,building 21,https://www.bayut.com/
1685,dubai,jumeirah lake towers (jlt),jlt cluster h,concorde tower,https://www.bayut.com/
1736,abu dhabi,yas island,yas bay,icon tower,https://www.bayut.com/
1768,ras al khaimah,mina al arab,hayat island,nb collection,https://www.bayut.com/
1817,ras al khaimah,al hamra village,al hamra village marina apartments,marina apartment h,https://www.bayut.com/
1840,ajman,emirates city,paradise lakes,paradise lakes b4,https://www.bayut.com/
1852,sharjah,sharjah waterfront city,ajmal makan,al thuraya island,https://www.bayut.com/
1867,abu dhabi,al raha beach,amwaj,amwaj 1,https://www.bayut.com/
1868,ras al khaimah,al dhait,al dhait south,the cove rotana resort,https://www.bayut.com/
1887,abu dhabi,al reef,al reef downtown,building 8,https://www.bayut.com